key_titulo	titulo_en	key_descripcion	descripcion_en
Adagio_Industrial_Salvage_Universal_E_Title_001	Salvager Needed (Small Supply of RMC)	Adagio_Industrial_Salvage_Universal_E_Desc_001	
Adagio_Industrial_Salvage_Universal_Intro_Title_001	Adagio Holdings in Need of Salvagers	Adagio_Industrial_Salvage_Universal_Intro_Desc_001	
Adagio_Industrial_Salvage_Universal_M_Title_001	Salvager Needed (Med. Supply of RMC) 	Adagio_Industrial_Salvage_Universal_M_Desc_001	
bhg_bounty_title_ASD_Engineering_001	Verified Bounty: ~mission(TargetName) at ~mission(Location)		
bhg_bounty_title_ASD_Research_001	Verified Bounty: ~mission(TargetName) at ~mission(Location)		
bhg_bounty_title_FPS_intro	Preliminary Bounty: ~mission(TargetName)		
bhg_bounty_title_gen_001	Verified Bounty: ~mission(TargetName) | ~mission(Danger)		
bhg_bounty_title_HeadHunters_001	Verified Bounty: ~mission(TargetName) | HeadHunters | ~mission(Danger)		
bhg_bounty_title_Rockcracker_001	Verified Bounty: ~mission(TargetName) at QV Breaker Station		
bhg_bounty_title_ShatteredBlade_001	Verified Bounty: ~mission(TargetName)		
bhg_bounty_title_XT_001	Verified Bounty: ~mission(TargetName) | XenoThreat | ~mission(Danger)		
BHG_Certification_Criminal_Title	Suspect Apprehension Certification 	BHG_Certification_Criminal_Desc	
BHG_Certification_Easy_Title	Tracker Beginner's Permit Certification	BHG_Certification_Easy_Desc	
BHG_Certification_EscapedConvict_Title	Fugitive Recovery Certification	BHG_Certification_EscapedConvict_Desc	
BHG_Certification_Hard_Title	Journeyman Tracker License Certification	BHG_Certification_Hard_Desc	
BHG_Certification_Medium_Title	Tracker License Certification	BHG_Certification_Medium_Desc	
BHG_Certification_Super_Title	Master Tracker License Certification	BHG_Certification_Super_Desc	
BHG_Certification_VeryEasy_Title	Tracker Training Permit Certification	BHG_Certification_VeryEasy_Desc	
BHG_Certification_VeryHard_Title	Advanced Tracker License Certification	BHG_Certification_VeryHard_Desc	
bhg_EliminateBoss_FPS_Rockcracker_Warehouse_name_001	High-Risk Bounty: ~mission(TargetName) at QV Breaker Station		
Bitzeroes_bombingrun_dc_title_001	Up in Smoke	Bitzeroes_bombingrun_dc_desc_001	We’ve been trying to access some sensitive data over at ~mission(Location|Address) but there seems to only be one backdoor we can use. The issue is we need someone onsite to trigger it. And I really do mean trigger it.\n\nIf you can head over there and destroy part of their infrastructure, the emergency back up systems will kick online and we should be able to access everything we want. \n\nWish I could see the surprise look on the faces of the lowlifes running the place when it happens.\n\n-Bit Zeros\n
Bitzeroes_destroyitem_dc_title_001	Major Malfunction	Bitzeroes_destroyitem_dc_desc_001	I won’t go into the whole long boring story of why, but there are a few bits of ~mission(Location|Address) that we need destroyed. The important part is that I want to pay you a hefty chunk of credits to do it. I almost feel like you should be paying us for this because of how fun it’s going to be.\n\nDon’t even care how you get it done. Grenades, rocket launcher, day old Torpedo Burrito, it’s all the same to us.\n\n-Bit Zeros \n
Bitzeroes_destroyservers_locked_dc_title_001	Server Not Found	Bitzeroes_destroyservers_locked_dc_desc_001	Hey,\n\nGot a problem we could use your help on. One of our former new-recruits did a complete crap job on a hack and wound up leaving a digital footprint so messy that it might as well be a full confession. \n\nA remote deletion’s not going to be good enough so I want you to go to ~mission(Location|Address) and make sure their data servers are wiped from existence.\n\nAs if this wasn’t a big enough of a mess already, the access codes to the locked server room door are only stored physically on site. That means you’re going to have to liberate a datapad with the code on it first before you can even get close to them.\n\nDon’t worry though. I’ll make sure the creds are worth all the hassle.  \n\n- Bit Zeros\n
Bitzeroes_destroystash_dc_title_001	Hit 'Em Where it Hurts	Bitzeroes_destroystash_dc_desc_001	The muckers over at ~mission(Location|Address) decided that it would be a good idea to interfere with our business, and now we need to let them know unequivocally that they were mistaken. \n\nA little bit of sniffin’ through their data and we were able to sus out where the idiots keep their stash. Now all we need you to do is head over there and destroy every last bit of it. \n\nFigure that should drive the point home.\n\n- Bit Zeros\n
Bitzeroes_eliminateall_dc_title_001	Permanently Delete	Bitzeroes_eliminateall_dc_desc_001	The slimy little cretins over at ~mission(Location|Address) have been selling us trash data all while trying to double deal. Can’t let it stand.\n\nWe want you to go teach them one final lesson and wipe out all the cowards you can find. Last I heard is they were holed up over near the ~mission(Location). \n\nSpill their blood, and we’ll fill your wallet. \n\n-Bit Zeros\n
Bitzeroes_theft_dc_title_001	Ownership Reassignment	Bitzeroes_theft_dc_desc_001	All right,\n\nOver at ~mission(Location|Address) there a few certain things they have in their possession that need to be liberated. Sure there may be a few guards or concerned individuals you’ll have to deal with, but for the most part it’s a relatively straight forward transaction – grab the stuff from the ~mission(Location) and take it to us at ~mission(Destination|Address). \n\nSometimes simple is best.\n\n-Bit Zeros \n
Bitzeroes_theft_mines_dc_title_001	Delicate Dealings	Bitzeroes_theft_mines_dc_desc_001	I’m really hoping you’re going to agree to do this since there doesn’t seem to be too many folks eager to take on a whole bunch of proximity mines. See, there’s a score that we’ve sourced at ~mission(Location|Address) but the physical security is proving more difficult than expected. \n\nIf you can find a way to navigate through the mines or possibly a way to trigger them remotely, it should be relatively easy to grab the goods and make your way out of there. Drop them off at ~mission(Destination|Address) and you’ll get more than your fair cut of the credits for taking on the risk.\n\n-Bit Zeros\n
blacjac_bounty_fps_title_001	Wanted by ArcCorp: ~mission(TargetName) (?RT)	blacjac_bounty_fps_UGF_nocivs_desc_001	ATTN: Bounty Hunters\n\nNeed you to grab a bounty by the name of ~mission(TargetName) at ~mission(Location|Address). While there may be other criminal accomplices at the scene, I want you to be mindful of any civilians or workers who might be there.\n\nI got enough to deal with, so I don’t need to be explaining why a contractor shot a bunch of civilians.\n\n\nThanks,\nGloria Mesa\n\nPrivate Contract Supervisor\nBlacJac Security, "Protection Provided"
blacjac_bounty_fps_title_first	BlacJac Bounty Trial Contract	blacjac_bounty_fps_desc_first	ATTN: Bounty Hunters\n\nI have more bounties than I have bounty hunters at the moment, so I'm looking to expand our roster. \n\nIf you do a good job on this first one, there'll be more contracts to follow. \n\nLet's see how you do trying to deal with the bounty on ~mission(TargetName). They're believed to be hiding over at ~mission(Location|Address). \n\nThanks,\nGloria Mesa\n\nPrivate Contract Supervisor\nBlacJac Security, "Protection Provided"
blacjac_bounty_fps_title_rehire	BlacJac Bounty Trial Contract	blacjac_bounty_fps_desc_rehire	ATTN: Former BlacJac Bounty Hunter\n\nI know BlacJac stopped giving you bounty contracts, but times change and here we are giving you another chance.\n\nIf you're able to complete the bounty on ~mission(TargetName) over at ~mission(Location|Address) then we can see about getting you reinstated.\n\nThanks,\nGloria Mesa\n\nPrivate Contract Supervisor\nBlacJac Security, "Protection Provided"
blacjac_bounty_title_ERT	Wanted by ArcCorp: ~mission(TargetName) (ERT)	blacjac_bounty_desc_ERT	ATTN: Bounty Hunters\n\nYou might have heard of ~mission(TargetName) before. They’re an extreme-risk target and they’ve been making headlines recently. The hope is you’ll be able to put together a response team and help BlacJac shut them down for good. Our most recent intel has their sub-capital ship and heavily armed escorts flying over at ~mission(Location|Address).\n \nI’d recommend making sure you’ve got an up-to-date imprint before heading out. Just in case. \n\nGood luck,\nGloria Mesa\n\nPrivate Contract Supervisor\nBlacJac Security, "Protection Provided"\n
blacjac_bounty_title_HRT	Wanted by ArcCorp: ~mission(TargetName) (HRT)	blacjac_bounty_desc_HRT	ATTN: Bounty Hunters\n\nYour next bounty, ~mission(TargetName), is definitely considered a high-risk target for good reason. They’re known to travel with some serious firepower and are escorted by enough protection to make anyone think twice about picking a fight.\n\nSources indicate that ~mission(TargetName|Last) is hiding out over at ~mission(Location|Address). When you head out to track them down, just make sure you’re prepared. Might even think about bringing along some backup yourself.  \n\nThanks,\nGloria Mesa\n\nPrivate Contract Supervisor\nBlacJac Security, "Protection Provided"\n
blacjac_bounty_title_intro	BlacJac Bounty Trial Contract	blacjac_bounty_desc_intro	ATTN: Bounty Hunters\n\nNot sure if you’re interested, but BlacJac is looking to expand our roster of bounty hunters. We got more jobs than our current contractors can handle, so I’m hoping that you might be able to help pick up some of the slack.  \n\nYour qualifications look good on paper, but before we make anything official, BlacJac needs to see how you perform in the field firsthand. Even got a test case all lined up – we want you to sort out ~mission(TargetName). They were last seen at ~mission(Location|Address). Should be a fairly straightforward bounty without too much resistance. Perfect thing to sharpen your teeth on.\n\nGood luck,\nGloria Mesa\n\nPrivate Contract Supervisor\nBlacJac Security, "Protection Provided"\n
blacjac_bounty_title_LRT	Wanted by ArcCorp: ~mission(TargetName) (LRT)	blacjac_bounty_desc_LRT	ATTN: Bounty Hunters\n\nBounty came in for a low-risk target by the name of ~mission(TargetName). The target themselves isn’t all that much to worry about, but it seems that they typically fly in a pack, so there’s a high chance they’ll have a few friends along when you track them down.\n\nSpeaking of, I’d start the hunt over at ~mission(Location|Address) since we have reports of them being spotted in the area.\n\nThanks,\nGloria Mesa\n\nPrivate Contract Supervisor\nBlacJac Security, "Protection Provided"\n
blacjac_bounty_title_MRT	Wanted by ArcCorp: ~mission(TargetName) (MRT)	blacjac_bounty_desc_MRT	ATTN: Bounty Hunters\n\nNeed you to sort out ~mission(TargetName), a moderate-risk bounty last seen at ~mission(Location|Address) flying a small, multicrew ship. \n\nWe weren’t able to get details on exactly what they were piloting, but it seems they did have a few other ships with them. Be ready for a fair bit of resistance when you come calling.\n\nThanks,\nGloria Mesa\n\nPrivate Contract Supervisor\nBlacJac Security, "Protection Provided"\n
blacjac_bounty_title_rehire	BlacJac Bounty Trial Contract	blacjac_bounty_desc_rehire	ATTN: Former BlacJac Bounty Hunter\n\nI know your last sting bounty hunting for BlacJac didn’t go well, but a soaring caseload means that you are lucky enough to get another chance.\n\nIf you're able to complete the bounty on ~mission(TargetName) over at ~mission(Location|Address) then we can see about getting you reinstated.\n\nThanks,\nGloria Mesa\n\nPrivate Contract Supervisor\nBlacJac Security, "Protection Provided"\n
blacjac_bounty_title_VHRT	Wanted by ArcCorp: ~mission(TargetName) (VHRT)	blacjac_bounty_desc_VHRT	ATTN: Bounty Hunters\n\nBlacJac just got word that a very high-risk target, ~mission(TargetName), was spotted moving through the flight lanes over at ~mission(Location|Address) piloting a formidable ship with a heavy escort.  \n\nWe want this bounty closed out before they commit any more crimes. Gather whatever resources or support you need, and head out as soon as you can.\n\nThanks,\nGloria Mesa\n\nPrivate Contract Supervisor\nBlacJac Security, "Protection Provided"\n
blacjac_bounty_title_VLRT	Wanted by ArcCorp: ~mission(TargetName) (VLRT)	blacjac_bounty_desc_VLRT	ATTN: Bounty Hunters\n\nGot a very low-risk target I need you to take care of: ~mission(TargetName).\n\nTheir last known location was ~mission(Location|Address).\n\nThis is a low threat bounty, so I expect you to be able to clear it pretty fast. They typically fly a small ship and don’t have very many known acquaintances. It doesn't get much more straightforward than that.\n\nThanks,\nGloria Mesa\n\nPrivate Contract Supervisor\nBlacJac Security, "Protection Provided"\n
blacjac_RetrieveConsignment_title_001	Protect Site and Procure Confidential Materials	blacjac_RetrieveConsignment_desc_001	ATTN: Mercenaries with Cargo Handling Experience\n\nNine Tails are currently assaulting one of our facilities at ~mission(Location|address). As they just received a delivery of confidential materials, we don’t believe this is a coincidence. BlacJac needs someone to hurry to the location and secure these important boxes before the Nine Tails do. You are authorized to use lethal force against any who attempt to stop you. \n\nAs part of our standard security protocol, the confidential materials were integrated into another consignment and secured in the automated vault. You’ll need to find the relevant retrieval codes for the confidential materials and enter it at the package conveyor to retrieve the boxes. Retrieval codes are stored locally on datapads and only given to high-ranking staff. Hopefully they’re alive to help you, but considering the complete comms blackout, we fear that’s not the case. There's a chance Nine Tails have already gotten their hands on the datapads.  \n\nOnce you’ve gathered all the confidential materials, they will need to be delivered to ~mission(dropoff1|address). Payment is contingent upon their delivery.\n\n\nThanks,\nGloria Mesa\n\nPrivate Contract Supervisor\nBlacJac Security, "Protection Provided"
blacjac_UGF_defend_E_title_001	Defend Site From Minor Threat	blacjac_UGF_defend_E_desc_001	ATTN: Verified Mercenary Operators\n\nOne of the sites under BlacJac’s purview has been clashing with a few local outlaws. We would like you to head down to ~mission(Location|Address) and secure the site from these hostile threats.\n\nFrom the early reports, I expect this will be a fairly straightforward matter, but if it makes you feel better, feel free to recruit a team to provide you with extra support.\n\nThanks,\nGloria Mesa\n\nPrivate Contract Supervisor\nBlacJac Security, "Protection Provided"\n
blacjac_UGF_defend_title_001	Defend Site From Threat	blacjac_UGF_defend_desc_001	ATTN: Verified Mercenary Operators\n\nWe’ve gotten word that some local muscle have been making threats against ~mission(Location|Address). BlacJac is looking to have you put a team together and protect the site from these hostile threats.\n\nAnd as much as we all love credits, I don’t recommend trying to do this one solo. Hiring a team to come along would be beneficial to your livelihood.\n\nThanks,\nGloria Mesa\n\nPrivate Contract Supervisor\nBlacJac Security, "Protection Provided"
blacjac_UGF_defend_VH_title_001	Defend Site From Dangerous Threat	blacjac_UGF_defend_VH_desc_001	ATTN: Verified Mercenary Operators\n\nI’ve received a report that some operators are planning on making a move against ~mission(Location|Address). BlacJac wants you to put a team together and defend the site from this dangerous threat.\n\nIt is strongly recommended that you do not attempt to do this contract solo. Hiring a team of skilled mercenaries to provide support would be the smartest route.\n\nThanks,\nGloria Mesa\n\nPrivate Contract Supervisor\nBlacJac Security, "Protection Provided"\n
blacjac_UGF_destroy_E_title_001	Wipe Out Drug Stash	blacjac_UGF_destroy_E_desc_001	ATTN: Verified Mercenary Operators\n\nIt seems there’s a new operator trying their hand at manufacturing drugs over at ~mission(Location|Address), but the product they’re putting out is extremely toxic. \n\nWe’re sorting through how to handle the arrests, but the important thing is to prevent any more of their supply getting distributed. I need you to get down there and destroy the drugs they’re storing on site.\n\nThere's a good chance the facility isn't abandoned, so you might run into these thugs when you head down there, so be ready for a fight. But if their gun skills are anything like their chemistry, it probably won’t be much of one. \n\nThanks,\nGloria Mesa\n\nPrivate Contract Supervisor\nBlacJac Security, "Protection Provided"\n
blacjac_UGF_destroy_H_title_001	Destroy Dangerous Drugs	blacjac_UGF_destroy_H_desc_001	ATTN: Verified Mercenary Operators\n\nSome enterprising chemists have cooked up a new product that is twice as potent and twice as deadly as the normal stuff. We were able to trace some samples back to the source over at ~mission(Location|Address). \n\nBlacJac wants you to head down ASAP to destroy the entire batch before it can hurt any more of the population. We can worry about making arrests later.\n\nFrom everything we know about this crew, you should expect to meet heavy resistance while attempting to clear out the stash.\n\n\nThanks,\nGloria Mesa\n\nPrivate Contract Supervisor\nBlacJac Security, "Protection Provided"\n
blacjac_UGF_destroy_title_001	Clear Out Drugs	blacjac_UGF_destroy_desc_001	ATTN: Verified Mercenary Operators\n\nWe got word that a syndicate spiked a rival’s drug package and its causing chaos on the streets. Forensics have identified the source, a production facility over at ~mission(Location|Address). Word is the drug manufacturers don’t even know they have a poisoned crop on their hands.\n\nWe’re sorting through how to handle the arrests, but the important thing is to get this crap off the streets now. I need you to get down there and destroy the drugs they’re storing on site.\n\nThey won’t be happy about it, so you’ll probably have a fight on your hands, but the important thing is clearing out the product.\n\nThanks,\nGloria Mesa\n\nPrivate Contract Supervisor\nBlacJac Security, "Protection Provided"
blacjac_UGF_eliminateall_allies_title_001	Protect Site	blacjac_UGF_eliminateall_allies_desc_001	ATTN: Verified Mercenary Operators\n\nWe’ve gotten word from the security team at ~mission(Location|Address) that some of the local scum have been launching attacks. BlacJac is looking to have you go to the site and assist in protecting it from hostile threats.\n\nMake sure you check your fire down there. I don't want to hear about any blue-on-blue incidents.\n\nThanks,\nGloria Mesa\n\nPrivate Contract Supervisor\nBlacJac Security, "Protection Provided"
blacjac_UGF_eliminateall_allies_title_intro	Protect Site Trial Contract	blacjac_UGF_eliminateall_allies_desc_intro	ATTN: Verified Mercenary Operators\n\nBlacJac is seeking to expand our roster of security professionals. To evaluate if you’re a good match, we would like you to provide support at ~mission(Location|Address) as they've been having issues with some hostiles in the area.\n\nIf you are able to assist in protecting the site and eliminating the threat, we will be able to offer you more security work.\n\nNote that Friendly fire incidents will not be tolerated.\n\nGood luck,\nGloria Mesa\n\nPrivate Contract Supervisor\nBlacJac Security, "Protection Provided"\n
blacjac_UGF_eliminateall_allies_title_rehire	Protect Site Trial Contract	blacjac_UGF_eliminateall_allies_desc_rehire	ATTN: Former Mercenary Operator\n\nI’m aware that BlacJac stopped offering security work, but due to staffing changes it was decided to offer you another chance.\n\nWe’ve gotten word that ~mission(Location|Address) needs some assistance dealing with a local outlaw gang. BlacJac is looking to have you go to the site and assist in eliminating this threat.\n\nAnd since you’re already on thin ice as is, I don’t want to hear that you were involved in any friendly fire incidents.\n\nIf you’re able to pull this operation off, we can see about getting you reinstated.\n\nThanks,\nGloria Mesa\n\nPrivate Contract Supervisor\nBlacJac Security, "Protection Provided"\n
blacjac_UGF_eliminateall_title_001	Clear Out Site	blacjac_UGF_eliminateall_nocivs_desc_001	ATTN: Verified Mercenary Operators\n\nWe’ve gotten word that ~mission(Location|Address) is being used by some local criminals as base of operations. BlacJac is looking to have you sweep the site and clear out any hostiles. \n\nOur early reports show that there’s a good chance that the gang will have some civilians working for them on-site. We're not looking to be making headlines here, so try to remember that you are only cleared to engage with confirmed hostiles. \n\nThanks,\nGloria Mesa\n\nPrivate Contract Supervisor\nBlacJac Security, "Protection Provided"
BlockadeRunner_Counter_Title	Lookin' for Zeta-Prolanide	BlockadeRunner_Counter_Desc	Word is that a lot of Zeta-Prolanide has been stolen from ~mission(Location|address).\n\nIf you happen to come across any, bring it over to ~mission(DropOffLocation|address) and we'll make sure you get a good price.\n\nAnd if not, you can abandon this offer, no hard feelings.
BlockadeRunner_Title	CDF ALERT: ~mission(Location) Blockade Runners Needed	BlockadeRunner_Desc	*FOR IMMEDIATE SYSTEM-WIDE RELEASE*\n\nA hostile fleet of ships equipped with quantum jammers have created a blockade around  ~mission(Location|address), disabled the station's defensive turrets, and stolen a large supply of Zeta-Prolanide. In response, the CDF has received authorization to activate its volunteer force. \n\nThough the overall situation is dire, the theft of the Zeta-Prolanide is our priority. Without direct action, the loss of the sector's Zeta-Prolanide stores could have a devastating effects to the wider economy of the whole system. \n\nWhile local security forces are investigating the incursion, they've tracked the stolen inventory to several locations. CDF volunteers are tasked with heading to these locations, recovering the stolen Zeta-Prolanide, and transferring it back to the station before the material completely degrades and is no longer viable. Just be careful, intel suggests that larger clusters of Zeta-Prolanide have a higher outlaw presence.\n\nSince time is of the essence, having a tractor beam to assist in moving the cargo is highly advised.\n\nAs an added incentive, volunteers will receive regular bonus payments for their combined efforts.
bounty_title_0004	Bounty Issued: ~mission(TargetName)	bounty_desc	~mission(Contractor|BountyDescription)
BrightSky_Title	Running the Gauntlet	BrightSky_Desc	The CDF has partnered with Anvil Aerospace to find the most capable operatives in the system. \n\nIf you find one of these Platinum certifications, you can redeem the ticket at a ship kiosk at New Deal, Astro Armada or Crusader Showroom for a free F8C. \n\nThe catch is that your identity and location has been shared with participants throughout the system. For everyone else, if you can stop the ticketholder before they get to the kiosk, you can claim the ticket for your own.\n\nWhoever makes it will not only receive this next generation superiority fighter, but also prove that they have what it takes for the toughest CDF assignments.\n\nGood luck.
cfp_bombingrun_E_title_001	Eliminate Fuel Stores		
cfp_bombingrun_sabotage_generators_title_001	Reduce Outlaw's Operational Readiness		
cfp_ChainElimAll_1C_ElimSpec_GenAttack_E_title_001	Alert: ~mission(Location) under attack		
cfp_ChainElimAll_1C_ElimSpec_HHAttack_M_title_001	Taking back from the Headhunters		
cfp_ChainElimAll_1C_HHAttack_M_title_001	Help defend ~mission(Location) from Headhunters		
cfp_ChainElimAll_2C_ElimSpec_GenAttack_M_title_001	Outlaw attack at ~mission(Location)		
cfp_ChainElimAll_2C_ElimSpec_HHAttack_H_title_001	Retaking Outposts from Headhunters		
cfp_ChainElimAll_2C_ElimSpec_XTAttack_H_title_001	Reclaiming Outposts from XenoThreat		
cfp_ChainElimAll_3C_ElimSpec_GenAttack_M_title_001	Need multiple CFP outposts retaken		
cfp_ChainElimAll_3C_ElimSpec_HHAttack_VH_title_001	Reclaiming Clusters from Headhunters		
cfp_ChainElimAll_3C_ElimSpec_XTAttack_VH_title_001	Campaign to reclaim XenoThreat outposts 		
cfp_defend_cave_Generic_title_001	Assistance needed at ~mission(Location)		
cfp_defend_headhunters_H_title_001	Headhunter attack on ~mission(Location)		
cfp_defend_regionshift_title_001	Call for Help: ~mission(Location)		
cfp_defend-criminals_title_001	Defend ~mission(Location) from Outlaws		
cfp_defend-xenothreat_title_001	Protect ~mission(Location) from XenoThreat Attack		
cfp_defend-xenothreat_title_002	Protect ~mission(Location) from XenoThreat Raid		
cfp_defend-xenothreat_title_003	Protect ~mission(Location) from XenoThreat Incursion		
cfp_defendship_Intro_title_001	Seeking Experienced Combat Pilots		
cfp_defendship_LRT_SB_title_001	Provide Combat Support		
cfp_defendship_LRT_title_001	Pilot Seeking Combat Support		
cfp_defendship_MRT_bombingrun_title_001	Assist Retreating Ship		
cfp_defendship_MRT_SB_title_001	Stop Attack on Ship		
cfp_defendship_MRT_title_001	Ship Needs Emergency Assistance		
cfp_defendship_multi_HRT_SB_title_001	Help Ambushed Convoy		
cfp_defendship_multi_HRT_title_001	Convoy Caught in Brutal Attack		
cfp_defendship_multi_MRT_title_001	Convoy Needs Emergency Assistance		
cfp_defendship_multi_SRT_SB_title_001	Stop Savage Shattered Blade Attack		
cfp_defendship_multi_SRT_title_001	Come to Aid of Convoy		
cfp_defendship_multi_VHRT_SB_title_001	Convoy Under Attack		
cfp_defendship_multi_VHRT_title_001	Respond to Distress Beacon		
cfp_defendship_multi_VHRT_XT_title_001	Convoy Under XenoThreat Attack		
cfp_defendship_VLRT_SB_title_001	Support Ship Under Attack		
cfp_defendship_VLRT_title_001	Pilot in Distress		
cfp_delivery_eliminateall_sabotage_server_H_XT_title_001	Assistance Needed Against XenoThreat Raid		
cfp_delivery_title_001	Delivery for ~mission(Destination) Ready	cfp_delivery_desc_001	Hi, \n\nGot word folks are waiting for an important supply shipment that’s not arrived. Turns out it accidently got taken to the wrong place. While we look into how the mistake happened, we need someone to head over to <EM4>~mission(Pickup1|Address)</EM4> to pick up package <EM4>#~mission(item1|serialnumber)</EM4> and deliver it to the correct location at <EM4>~mission(Dropoff1|Address)</EM4>. \n\nAlso, to make your life easier, I'd make sure you have a <EM4>handheld tractor beam</EM4> with you. \n\nYou available for the run?\n\nLima Endicott\nLead Dispatcher\nCitizens for Prosperity
cfp_delivery_title_002	Multiple Deliveries Ready	cfp_delivery_desc_002	Hey, \n\nNeed two packages delivered. Package <EM4>#~mission(item1|serialnumber)</EM4> needs to be grabbed from <EM4>~mission(Pickup1|Address)</EM4> and taken to <EM4>~mission(Dropoff1|Address)</EM4>, and package <EM4>#~mission(item2|serialnumber)</EM4> is going from <EM4>~mission(Pickup2|Address)</EM4> to <EM4>~mission(Dropoff2|Address)</EM4>. Should be an easy way to make a few creds. \n\nAlso, to make your life easier, I'd make sure you have a <EM4>handheld tractor beam</EM4> with you. \n\nFly safe, \n\nLima Endicott\nLead Dispatcher\nCitizens for Prosperity
cfp_destroy_idris_title_001	Eliminate XenoThreat Idris	cfp_destroy_idris_desc_001	Hey, \n\nThe rumors are true. XenoThreat has deployed an Idris to stalk and attack Citizens for Prosperity operations in a dramatic escalation of their hostility towards us. We just received word the ship, under the command of ~mission(TargetName), is advancing toward ~mission(location|address). We can’t get our own forces there fast enough to fight them, and are in desperate need of help. \n\nWe’re looking to hire someone brave enough to take it to these bastards. It’s not enough to scare them away, we need to guarantee that it can’t come after us again. \n\nNot sure if you’ve faced down an Idris before, but it’s a tall task for someone to take on alone. I’d highly recommend recruiting others to the cause.   \n\nBest,\n\nLima Endicott\nLead Dispatcher\nCitizens for Prosperity\n
cfp_eliminateall_fromCFP_Gen_E_title_001	Attack on CFP outpost		
cfp_eliminateall_fromCFP_hh_M_title_001	Defenders needed against Headhunters		
cfp_eliminateall_fromCFP_XT_M_title_001	Protecting outpost from XenoThreat		
cfp_eliminateall_hh_E_title_001	Reclaim Headhunter Outpost		
cfp_eliminateall_intro_title_001	Establishing Security		
cfp_eliminateall_XT_E_title_001	Reclaim XenoThreat Outpost		
cfp_EliminateSpecific_Generic_E_title_001	Protection against ~mission(TargetName|Last)		
CFP_RecoverCargo_Easy_Title	Intercepted Supply Run		
CFP_RecoverCargo_Hard_Title	Crucial Supplies Need Retrieving		
CFP_RecoverCargo_Medium_Title	Recovering Valuable Supplies		
CFP_RecoverCargo_Super_Title	Special Recovery Operation		
CFP_RecoverCargo_VeryHard_Title	Cargo Shipment Must Be Completed		
cfp_recovery_tile_001	Stolen Supplies	cfp_recovery_desc_001	Hey,\n\nWe could use your help.\n\nA local we work with was completing a delivery for us, but unfortunately, she ran into some outlaws and had to surrender her ~mission(Item). Silver lining is the outlaws didn’t notice the trackers we placed in the cargo and now we know they’ve taken their haul to ~mission(Location|Address). \n\nWe’d like you to recover the packages for us and finish delivering them to ~mission(Destination|Address). I don’t imagine the outlaws will give them up willingly, but I wouldn’t ask you to put yourself in harm’s way if these supplies weren’t of critical importance.\n\nAlso, to make your life easier, I'd suggest you have a <EM4>handheld tractor beam</EM4> with you. \n\nSo, what do you say?\n\nLima Endicott\nLead Dispatcher\nCitizens for Prosperity
CFP_RetrieveCargo_AsteroidBase_VE_title_001	Recover Cargo		
CFP_RetrieveCargo_CrimBase_H_title_001	Raid to Recover Supplies		
CFP_RetrieveCargo_CrimBase_M_title_001	Reclaim Stolen Cargo		
CFP_RetrieveCargo_CrimBase_XT_VH_title_001	Regain Supplies from XenoThreat		
CFP_RetrieveCargo_Lagrange_E_title_001	Retrieve Supplies		
CFP_RetrieveCargo_Lagrange_M_title_001	Find Lost Supply Ship		
cfp_RetrieveConsignment_title_001	Confidential Material Stolen	cfp_RetrieveConsignment_desc_001	You available for a job? One of our secure locations got hit by outlaws and some highly confidential material was stolen. As you can imagine, Citizens for Prosperity is eager to recover them as soon as possible.\n\nThanks to a local contact, we were able to trace the outlaws back to ~mission(Location|Address) where they're storing the confidential materials inside a secure automated vault. To access it, you’ll need to first find the relevant retrieval code and enter it at the vault’s package conveyor. Our best guess is that one of outlaw leaders will be carrying the code on their person so there is a very strong chance you’ll have to engage with them directly to get it.\n  \nOnce you’ve gotten possession of the confidential material, we want you to deliver it to ~mission(Dropoff1|Address).\n\nYou’ll be making a big difference to a lot of people if you manage to pull this off.\n\nThanks in advance,\n\nLima Endicott\nLead Dispatcher\nCitizens for Prosperity\n
cfp_sabotage_drugs_M_title_001	Halt Narcotics Operation		
cfp_sabotage_generators_E_HH_title_001	Take Headhunter Stronghold Offline		
cfp_sabotage_generators_H_title_001	Limit Outlaw Operational Capacity		
cfp_sabotage_generators_M_title_001	Take Outlaws at ~mission(Location) Offline		
cfp_sabotage_generators_VE_title_001	Disable Outlaw Stronghold at ~mission(Location)		
cfp_sabotage_server_elimiatespecific_HH_title_001	Eradicate All Traces of Headhunter Data		
cfp_sabotage_servers_E_HH_title_001	Wipe Headhunter Data Servers		
cfp_sabotage_servers_H_XT_title_001	Destroy XenoThreat Logistic Data		
cfp_sabotage_servers_M_HH_title_001	Destroy Headhunter Stolen Data		
cfp_sabotage_servers_M_title_001	Clear Outlaw Data Center		
cfp_sabotage_servers_VH_XT_title_001	Destroy XenoThreat Data Servers		
cfp_sabotage_VH_title_001	Destroy Outlaw Data Servers		
cfp_searchbody_danger_outpost_title_001	Missing: ~mission(TargetName)	cfp_searchbody_danger_outpost_desc_001	Unfortunately, one of our community partners, ~mission(TargetName), has been missing for a few days. Their family contacted Citizens for Prosperity for help and I told them we would do what we could. That said, with so much time passed, I’m not too hopeful.\n\nWhatever their current state is, we're looking for someone to be our eyes on the ground for this one. There’s a strong chance that they were headed to ~mission(Location|Address), an area known to be very dangerous.\n\nIf you can track them down and confirm their status, one way or another, I’ll see that you’re properly compensated.\n\nLima Endicott\nLead Dispatcher\nCitizens for Prosperity
cfp_searchbody_nodanger_outpost_title_001	Missing: ~mission(TargetName)	cfp_searchbody_nodanger_outpost_desc_001	One of our people, ~mission(TargetName), was supposed to be doing some preliminary scouting work over at ~mission(Location|Address), but they never reported in. We’re hoping that they just ran into some bad luck, but too often out here even the smallest misstep can prove fatal.\n\nI’d appreciate someone heading that way and seeing if they can be located. It’d be great if you find them alive, but if not, some closure is the least we can do for their family.\n\nLima Endicott\nLead Dispatcher\nCitizens for Prosperity
civilian_localdelivery_holiday_title_001	Luminalia Present Delivery	LocalDelivery_desc	~mission(Contractor|LocalDeliveryDesc)
Covalex_courier_dc_small_title_001	Covalex Local Shipment Route	Covalex_courier_fromdc_large_desc_001	Hello,\n\nWe have a fairly sizeable shipment waiting in the ~mission(Pickup1) at ~mission(Pickup1|Address) that is ready to be delivered.\n\nWith this number of boxes to transport, it would probably be good to have an extra set of hands to help transfer everything on and off your ship.\n\nPACKAGES FOR PICK UP \n     · All Packages in the <EM4>~mission(Pickup1)</EM4> at <EM4>~mission(Pickup1|Address)</EM4>\n\nDROP OFF LOCATIONS (ANY ORDER)\n     · Package <EM4>#~mission(Item1|SerialNumber)</EM4> to the <EM4>~mission(Dropoff1|Address)</EM4>\n     · Package <EM4>#~mission(Item2|SerialNumber)</EM4> to the <EM4>~mission(Dropoff2|Address)</EM4>\n     · Package <EM4>#~mission(Item3|SerialNumber)</EM4> to the <EM4>~mission(Dropoff3|Address)</EM4>\n     · Package <EM4>#~mission(Item4|SerialNumber)</EM4> to the <EM4>~mission(Dropoff4|Address)</EM4>\n     · Package <EM4>#~mission(Item5|SerialNumber)</EM4> to the <EM4>~mission(Dropoff5|Address)</EM4>\n     · Package <EM4>#~mission(Item6|SerialNumber)</EM4> to the <EM4>~mission(Dropoff5|Address)</EM4>\n     · Package <EM4>#~mission(Item7|SerialNumber)</EM4> to the <EM4>~mission(Dropoff6|Address)</EM4>\n     · Package <EM4>#~mission(Item8|SerialNumber)</EM4> to the <EM4>~mission(Dropoff6|Address)</EM4>\n     · Package <EM4>#~mission(Item9|SerialNumber)</EM4> to the <EM4>~mission(Dropoff7|Address)</EM4>\n     · Package <EM4>#~mission(Item10|SerialNumber)</EM4> to the <EM4>~mission(Dropoff7|Address)</EM4>\n     · Package <EM4>#~mission(Item11|SerialNumber)</EM4> to the <EM4>~mission(Dropoff8|Address)</EM4>\n     · Package <EM4>#~mission(Item12|SerialNumber)</EM4> to the <EM4>~mission(Dropoff8|Address)</EM4>\n     · Package <EM4>#~mission(Item13|SerialNumber)</EM4> to the <EM4>~mission(Dropoff9|Address)</EM4>\n     · Package <EM4>#~mission(Item14|SerialNumber)</EM4> to the <EM4>~mission(Dropoff9|Address)</EM4>\n     · Package <EM4>#~mission(Item15|SerialNumber)</EM4> to the <EM4>~mission(Dropoff9|Address)</EM4>\n\nBest of luck,\n\nChase Hewitt\nJr. Logistics Coordinator\nCovalex Shipping  \n'Anything you need, anywhere you need it.'\n\n\n\n\n\n\n\nCovalex Shipping is a limited liability corporation. By accepting this contract, you are agreeing to all terms and conditions as outlined in our extended 'Independent Workers Supplemental Information Guide v.2948.01.29.' Covalex Shipping is not responsible for any damages that occur while operating as an independent contractor.\n\n
Covalex_HaulCargo_AToB_Intro_title	Opportunity for Independent Cargo Hauler	Covalex_HaulCargo_AToB_Intro_desc	Earning such accolades as 'Imperial Finances' Top 10 Shipping Companies' and 'Delivery Digest's 2945's Most Trusted Transport,' Covalex is busier than ever. And that means more cargo going to more places. That's where you come in.  \n\nCovalex is looking for dependable and industrious pilots to join our expanding family. Do you have access to a ship that can hold <EM4>~mission(MissionMaxSCUSize) cargo containers</EM4>? Can you pass an Advocacy background check if required? Then a universe of opportunity is waiting for you. \n\nSimply complete an 'Evaluation Trial’ by picking up a shipment of <EM4>~mission(Item)</EM4> from a freight elevator at <EM4>~mission(Location|Address)</EM4> and successfully delivering it to a freight elevator at <EM4>~mission(Destination|Address)</EM4>.\n\nUpon satisfactory completion, you'll be eligible to become part of Covalex Shipping's vast network of independent transport specialists*.\n\nBy the way, we strongly encourage contractors to bring a <EM4>handheld tractor beam</EM4> along.   \n\n\nCovalex Shipping  \n'Anything you need, anywhere you need it.'\n\n\n\n\n\n\n\n*Covalex Shipping is a limited liability corporation. To encourage timely deliveries and prevent fraud on cargo hauls, Covalex Shipping will set a delivery time limit and upon expiration, any undelivered cargo will be considered stolen and treated as such. Total payment will be prorated according to the percentage of cargo successfully delivered.
Covalex_HaulCargo_AToB_Rehire_title	Covalex Cargo Hauling Re-evaluation	Covalex_HaulCargo_AToB_Rehire_desc	Hey,\n\nHave a bit of good news for you. Covalex recently finished an evaluation of our contractor pool, and decided to reconsider your status as a cargo hauler. To requalify, all you need is to successfully complete the following delivery.\n\nPick up <EM4>~mission(Item)</EM4> from a freight elevator at <EM4>~mission(Location|Address)</EM4> and deliver it to a freight elevator at <EM4>~mission(Destination|Address)</EM4>. In order to complete this haul in a fast and efficient manner, you'll need a ship that can haul <EM4>~mission(MissionMaxSCUSize) cargo containers</EM4>.\n\nHopefully everything goes smoothly so we can welcome you back to the team.\n\nBy the way, we strongly encourage contractors to bring a <EM4>handheld tractor beam</EM4> along.   \n\nCovalex Shipping  \n'Anything you need, anywhere you need it.'\n\n\n\n\n\n\n\nCovalex Shipping is a limited liability corporation. To encourage timely deliveries and prevent fraud on cargo hauls, Covalex Shipping will set a delivery time limit and upon expiration, any undelivered cargo will be considered stolen and treated as such. Total payment will be prorated according to the percentage of cargo successfully delivered.
Covalex_internaldelivery_dc_title_001	Covalex Package Handler	Covalex_internaldelivery_dc_desc_005	Hi,\n\nThere’s a whole heap of packages over at <EM4>~mission(Location|Address)</EM4> that need to be carted around the facility to their proper storage place. Would mean a lot if you could personally see to it all getting sorted.\n\nPACKAGES FOR PICK UP (ANY ORDER)\n     · Package <EM4>#~mission(Item1|SerialNumber)</EM4> from the <EM4>~mission(Pickup1)</EM4>\n     · Package <EM4>#~mission(Item2|SerialNumber)</EM4> from the <EM4>~mission(Pickup2)</EM4>\n     · Package <EM4>#~mission(Item3|SerialNumber)</EM4> from the <EM4>~mission(Pickup3)</EM4>\n     · Package <EM4>#~mission(Item4|SerialNumber)</EM4> from the <EM4>~mission(Pickup4)</EM4>\n     · Package <EM4>#~mission(Item5|SerialNumber)</EM4> from the <EM4>~mission(Pickup5)</EM4>\n     · Package <EM4>#~mission(Item6|SerialNumber)</EM4> from the <EM4>~mission(Pickup6)</EM4>\n\nDROP OFF LOCATIONS (ANY ORDER)\n     · Package <EM4>#~mission(Item1|SerialNumber)</EM4> to the <EM4>~mission(Dropoff1)</EM4>\n     · Package <EM4>#~mission(Item2|SerialNumber)</EM4> to the <EM4>~mission(Dropoff2)</EM4>\n     · Package <EM4>#~mission(Item3|SerialNumber)</EM4> to the <EM4>~mission(Dropoff3)</EM4>\n     · Package <EM4>#~mission(Item4|SerialNumber)</EM4> to the <EM4>~mission(Dropoff4)</EM4>\n     · Package <EM4>#~mission(Item5|SerialNumber)</EM4> to the <EM4>~mission(Dropoff5)</EM4>\n     · Package <EM4>#~mission(Item6|SerialNumber)</EM4> to the <EM4>~mission(Dropoff6)</EM4>\n\n\nReally appreciate all you do,\n\nChase Hewitt\nJr. Logistics Coordinator\nCovalex Shipping  \n'Anything you need, anywhere you need it.'\n\n\n\n\n\n\n\nCovalex Shipping is a limited liability corporation. By accepting this contract, you are agreeing to all terms and conditions as outlined in our extended 'Independent Workers Supplemental Information Guide v.2948.01.29.' Covalex Shipping is not responsible for any damages that occur while operating as an independent contractor.\n
Covalex_LocalDelivery_title_01	Covalex Local Delivery Route	Covalex_LocalDelivery_desc_01	Hi there!\n\nJust got a local delivery that we need taken care of, if you're available. \n\nPACKAGE FOR PICK UP\n     · Package <EM4>#~mission(item1|serialnumber)</EM4> from <EM4>~mission(Pickup1|Address)</EM4>\n\nDROP OFF LOCATION\n     · Package <EM4>#~mission(item1|serialnumber)</EM4> to <EM4>~mission(Dropoff1|Address)</EM4>\n\nBy the way, we strongly encourage contractors to bring a <EM4>handheld tractor beam</EM4> along.   \n\n~mission(Contractor|SignOff)\n\nChase Hewitt\nJr. Logistics Coordinator\nCovalex Shipping  \n'Anything you need, anywhere you need it.'\n\n\n\n\n\n\n\nCovalex Shipping is a limited liability corporation. By accepting this contract, you are agreeing to all terms and conditions as outlined in our extended 'Independent Workers Supplemental Information Guide v.2948.01.29.' Covalex Shipping is not responsible for any damages that occur while operating as an independent contractor.
Covalex_LocalDelivery_title_intro	Covalex Evaluation	Covalex_LocalDelivery_desc_intro	Hi there!\n\nCovalex is currently on the lookout for new delivery contractors. To see if you're Covalex material or not, we've arranged for the below delivery route as evaluation of your skills.\n\nPACKAGE FOR PICK UP\n     · Package <EM4>#~mission(Item1|SerialNumber)</EM4> from <EM4>~mission(Pickup1|Address)</EM4>\n\nDROP OFF LOCATION\n     · Package <EM4>#~mission(Item1|SerialNumber)</EM4> to <EM4>~mission(Dropoff1|Address)</EM4>\n\nSuccessfully completing this run will certify you as an official Covalex contractor.\n\nBy the way, we strongly encourage contractors to bring a <EM4>handheld tractor beam</EM4> along.   \n\n~mission(Contractor|SignOff)\n\nChase Hewitt\nJr. Logistics Coordinator\nCovalex Shipping  \n'Anything you need, anywhere you need it.'\n\n\n\n\n\n\n\nCovalex Shipping is a limited liability corporation. By accepting this contract, you are agreeing to all terms and conditions as outlined in our extended 'Independent Workers Supplemental Information Guide v.2948.01.29.' Covalex Shipping is not responsible for any damages that occur while operating as an independent contractor.
Covalex_LocalDelivery_title_rehire	Covalex Re-evaluation	Covalex_LocalDelivery_desc_rehire	Hi,\n\nSince Covalex has been suffering from an abundance of deliveries and a lack of contractors, I was able to convince administration to reconsider your status. All you have to do is successfully complete the following delivery and you're back in the rotation.\n\nPACKAGES FOR PICK UP (ANY ORDER)\n     · Package <EM4>#~mission(Item1|SerialNumber)</EM4> from the <EM4>~mission(Pickup1|Address)</EM4>\n     · Package <EM4>#~mission(Item2|SerialNumber)</EM4> from the <EM4>~mission(Pickup2|Address)</EM4>\n     · Package <EM4>#~mission(Item3|SerialNumber)</EM4> from the <EM4>~mission(Pickup3|Address)</EM4>\n\nDROP OFF LOCATIONS (ANY ORDER)\n     · Package <EM4>#~mission(Item1|SerialNumber)</EM4> to the <EM4>~mission(Dropoff1|Address)</EM4>\n     · Package <EM4>#~mission(Item2|SerialNumber)</EM4> to the <EM4>~mission(Dropoff2|Address)</EM4>\n     · Package <EM4>#~mission(Item3|SerialNumber)</EM4> to the <EM4>~mission(Dropoff3|Address)</EM4>\n\nBy the way, we strongly encourage contractors to bring a <EM4>handheld tractor beam</EM4> along.   \n\nGood luck. It'd be great to have you on the roster again.\n\nChase Hewitt\nJr. Logistics Coordinator\nCovalex Shipping  \n'Anything you need, anywhere you need it.'\n\n\n\n\n\n\n\nCovalex Shipping is a limited liability corporation. By accepting this contract, you are agreeing to all terms and conditions as outlined in our extended 'Independent Workers Supplemental Information Guide v.2948.01.29.' Covalex Shipping is not responsible for any damages that occur while operating as an independent contractor.
Covalex_QuantumSensitiveDelivery_Title_001	Shipping Error - QT Sensitive Cargo	Covalex_QuantumSensitiveDelivery_DescPointer	~mission(Contractor|QuantumSensitiveDeliveryDesc)
covalex_UGF_collect_title_001	Delivery Pilot for Covalex	covalex_UGF_collect_desc_001	Hello there,\n\nI have a delivery I need taken care of. The order is waiting at <EM4>~mission(Location|Address)</EM4> to be taken to <EM4>~mission(Destination|Address)</EM4>. \n\nI’m sure you’ll be fine, but for full disclosure, I’m seeing a bunch of security warnings pop up for this area. Seems there have been a handful of attacks in that area in the last few days. Now, I’m not saying you’ll run into anything, but it would probably be best if you brought along a bit of protection.\n\nGood luck,\n\nChase Hewitt\nJr. Logistics Coordinator\nCovalex Shipping  \n'Anything you need, anywhere you need it.'\n
covalexspec_title_0001	Personal Effects	covalexspec_description_0001	Hi,\n\nI'll totally understand if you don't want to help with this, but if you can it would be amazing.\n\nSee, my boyfriend passed away during the Covalex Gundo tragedy. They said I would get all of Scott's stuff back once the investigation was complete, but as far as I know, it's been done for a while now and they still haven't given any indication of when I can get his property. It's been hard enough dealing with all this, and knowing that a package is going to show up in a month or two and rip open all these wounds, it's just too much. I would prefer to deal with it now and get it over with. If you could find a way to get his personal effects (Employee ID# 104) and drop them off at ~mission(Destination), I'd be very grateful.\n\nThanks for your help,\nAnya
covalexspec_title_0002	Help Me Get My Stuff Back	covalexspec_description_0002	My brother was one of those people who died when that Covalex station near Crusader blew. Even worse, he was borrowing something of mine when it happened. Now some red tape asshole is trying to tell me that I have to wait to get my stuff back. Yeah right. First you kill my brother and now you want me to be patient? The nerve of these corporate jillos. Forget that. Instead, I figured I'd hire someone to go to Gundo to get my stuff and take it to ~mission(Destination) for me. I mean, what the hell are they gonna do about it? Anyway, it's what my brother would have wanted. It's gonna be the box marked 156.\n\n- Ed
covalexspec_title_0003	Unexpected Inheritance	covalexspec_description_0003	Hey,\n\nSo this is a little awkward for me to talk about, but it turns out that one of the people who passed away on that Covalex station disaster, Kyomi Santos, actually bequeathed me something in her will. I was surprised to hear it, but apparantly I'm now the proud owner of everything stored in box #173. The people at Covalex say I'll be able to get it when the station opens back up but ... this is the awkward part ... I kind of really need it right now. Normally I'd just wait, but I'm trying to start my own business (I make cakes in the shape of people's homeworlds) and the credits I get from selling it will really be a huge help. I've got a little bit stashed away now that I can use to pay for someone to deliver it from Gundo to ~mission(Destination) for me. I know the whole things a little bit irregular, but if there was any other way I wouldn't be asking.\n\nThanks for the help,\nThrace
covalexspec_title_0004	A Mother's Plea	covalexspec_description_0004	My son Nico was sadly among the victims of the tragic accident at Covelex's Gundo station and they still haven't returned all of his personal possessions to me. I understand that they have to do things according to regulations, but it seems unconscionable that they wouldn't make some allowances for the grieving family members. To that end, I'm seeking someone who will be able to go to the station for me. To be clear, Gundo is currently considered off limits, meaning that this would not be above board, but I feel my situation warrants special consideration. My sister says that the rate I am offering is the correct amount for retrieving the crate with Nico's belongings (#964) and bringing them to ~mission(Destination), so hopefully I can find a competent individual to settle this matter quickly.\n\nSincerely,\nGloria Theolone
covalexspec_title_0005	Looking for Closure	covalexspec_description_0005	They said that I could find someone here to go to Gundo for me and grab a crate that belonged to my wife. If the name didn't ring a bell, that's the station where they had that big accident. My wife worked for Covalex and I know it's not really going to make losing her any easier, but I really just want Claudia's stuff back. I think about her photo collection or the necklace I gave her just sitting there in that cold dead station in some box marked 249 and it's not right. She deserves better. So how about it? You willing to go to Gundo and haul her crate back to ~mission(Destination)?
covalexspec_title_0006	My Dad's Stuff	covalexspec_description_0006	Hi,\n\nI'm looking for someone to head to the Covalex Gundo station near Crusader and grab some items. I know this may sound like stealing, but it's my dad's stuff. You see, he was on Gundo station when it had its accident. My mom says that we need to wait until Covalex says so, but I don't think that's fair because I miss him so much. I would like something to remember him by and I don't want to wait any longer because I might start forgetting things. I'll pay you to get box 510 for me and take to ~mission(Destination) so I can have it.\n\nThank you very much,\nBaylor Ward
Criminal_RetrieveData_Reclaimer_title	Seize the Data	Criminal_RetrieveData_Reclaimer_desc	Been hunting down a particular parcel of data and right when I get a break the ship gets attacked by this converted Nine Tails Reclaimer called the Black Kite. I tried to hack into the servers on the Black Kite to see if they copied the data, but couldn't find a way to remotely get past their encryption protocols without the physical key.\n\nThat's where you come in. I need someone to breach their ship, get a hold of their decryption key, and decrypt the server so I can remotely pull down what I need.\n\nYou're smart enough to know who we're dealing with here, so plan accordingly. Since it's gonna ruffle some powerful feathers, let's not leave anything to chance. Destroy the Black Kite when you're done to cover both our asses.\n
crusader_bounty_fps_title_001	Bounty Extraction: ~mission(TargetName) (MRT)	crusader_bounty_fps_UGF_nocivs_desc_001	We got lucky and some recent scans of ~mission(Location|Address) have shown that an open bounty by the name of ~mission(TargetName) is hiding out there. You have been authorized to enter the site, find them, and resolve the bounty.\n\nHowever, in addition to the bounty and their criminal accomplices, the site is likely to have civilians present as well. While we're eager to see ~mission(TargetName|Last) dealt with, we can't have any civilian casualties. Use care when engaging with the hostiles. \n\nCONTRACT AUTHORIZED BY:\nLiaison Officer Gibbs\nID# 91G66BW0\n
crusader_bounty_title_E	Bounty Issued For ~mission(TargetName) (LRT)	bounty_desc	~mission(Contractor|BountyDescription)
crusader_bounty_title_first	Verified Freelancer Bounty Assessment	crusader_bounty_desc_first	In an effort to increase the safety of Crusader and its environs, Crusader Security is seeking qualified individuals to assist with the collection of bounties in the area. \n\nWe have evaluated that you possess the skill set needed and as such, we would like to offer you an initial trial bounty contract for ~mission(TargetName) last seen at ~mission(Location|Address). \n\nUpon the successful completion of this contract, you will be placed on Crusader's Verified Freelancer list and be eligible for any future bounty collection work as it becomes available.\n\n\nCONTRACT AUTHORIZED BY:\nLiaison Officer Bautista\nID# 948J030K
crusader_bounty_title_H	Bounty Issued For ~mission(TargetName) (HRT)	bounty_desc	~mission(Contractor|BountyDescription)
crusader_bounty_title_M	Bounty Issued For ~mission(TargetName) (MRT)	bounty_desc	~mission(Contractor|BountyDescription)
crusader_bounty_title_rehire	Verified Freelancer Bounty Reassessment	crusader_bounty_desc_rehire	Good news! Crusader Security has decided to offer you another chance at being a bounty contractor. We are hoping that during this time you have corrected any past performance issues and can once again be a useful asset.\n\nFirst though, we are required to reevaluate you, and as such, would like you to complete this bounty contract for ~mission(TargetName). \n\nUpon the successful completion of this trial, you'll be restored to Crusader's Verified Freelancer list and be eligible for any future bounty collection work as it becomes available.\n\n\nCONTRACT AUTHORIZED BY:\nLiaison Officer Bautista\nID# 948J030K
crusader_bounty_title_S	Bounty Issued For ~mission(TargetName) (ERT)	bounty_desc	~mission(Contractor|BountyDescription)
crusader_bounty_title_VE	Bounty Issued For ~mission(TargetName) (VLRT)	bounty_desc	~mission(Contractor|BountyDescription)
crusader_bounty_title_VH	Bounty Issued For ~mission(TargetName) (VHRT)	bounty_desc	~mission(Contractor|BountyDescription)
crusader_retakelocation_kareah_title_001	URGENT: Retake Security Post Kareah	crusader_retakelocation_kareah_desc_001	Security Post Kareah is under attack by an unknown number of assailants. \n\nCrusader is seeking contractors to quickly travel to the station and eliminate all trespassers in the vicinity before our security forces are overwhelmed.  \n\nWe’re not sure whether the attackers are targeting the contraband in our evidence lockup or our CrimeStat database, but whatever they’re after, they need to be dealt with. You will receive a combat bonus for each target neutralized.  \n\nBy accepting this contract, you agree to abide by all Crusader Security protocols: If you harm any guards or other authorized contractors while on the station, your contract will be terminated and you will be marked as a target. \n\nTime is of the essence, but make sure you’re well equipped to handle the hostiles before responding. \n\nCONTRACT AUTHORIZED BY: \nLiaison Officer Bautista \nID# 948J030K 
crusader_RetrieveConsignment_title_001	Support Security Forces and Secure Confidential Materials	crusader_RetrieveConsignment_desc_001	Reports indicate that our security staff at ~mission(location|address) have been wiped out by a group of Nine Tails, who are attempting to steal confidential materials that were recently delivered to the facility. Crusader Security needs an experienced contractor to expel the hostiles and secure these boxes. \n\nBased on the initial reports, we strongly recommend that you come well-equipped and consider bringing back-up. For security purposes, the confidential materials were transported there as part of a consignment with other boxes and locked in an automated vault. The retrieval codes to access the confidential materials are stored on datapads held by high-ranking security staff, but we don’t know who has them now. Odds are that the Nine Tails will be looking for them too.  \n\nWhen you have all the confidential materials, deliver them to ~mission(dropoff1|address) to receive payment. \n\nCONTRACT AUTHORIZED BY: \nLiaison Officer Bautista \nID# 948J030K 
crusader_UGF_defend_E_title_001	Guard Site Against Hostiles	crusader_UGF_defend_E_desc_001	Crusader Security has learned that ~mission(Location|Address) is currently being threatened by a local gang and we’re looking to hire a contractor to put together a security team to deal with any attacks. \n\nThis gang has a bit of a record, but they’re still pretty green overall. I expect it will be relatively straightforward for you and your team to handle.\n\nCONTRACT AUTHORIZED BY:\nLiaison Officer Bautista\nID# 948J030K\n
crusader_UGF_defend_title_001	Guard Site Against Serious Hostiles	crusader_UGF_defend_desc_001	Crusader Security has learned that ~mission(Location|Address) is currently being threatened by a group of criminals and we’re looking to hire a contractor to put together a security team to repel any attacks. \n\nI know you may be tempted to try to handle this on your own, but you need to put a team together for this. Trust me, the credits aren’t worth it to try it solo.\n\nCONTRACT AUTHORIZED BY:\nLiaison Officer Bautista\nID# 948J030K\n
crusader_UGF_defend_VH_title_001	Guard Site Against Dangerous Hostiles	crusader_UGF_defend_VH_desc_001	Crusader Security has learned that ~mission(Location|Address) is currently being threatened by a well-known gang operating in the area and we’re looking to hire an experienced security team to deal with any attacks. \n\nTry to make sure that whoever you bring along is properly qualified. You’re going to need all the help you can get to deal with this group.\n\nCONTRACT AUTHORIZED BY:\nLiaison Officer Bautista\nID# 948J030K\n
crusader_UGF_destroy_E_title_001	Destroy Illegal Drugs	crusader_UGF_destroy_E_desc_001	We’ve discovered that a group is trying to start up their own drug business over at ~mission(Location|Address). While they seem to be your average low-level thugs, the product they’re producing is toxic and responsible for the deaths of multiple civilians, so we can’t afford to allow any more to be sold.\n\nWe’re are working on a larger operation that will shut them down for good, but in the meanwhile we need to stop the flow of their drugs. That’s why Crusader wants you to go the site and destroy the stash they have there.\n\nThey will undoubtedly have guards protecting the stash, but I don’t expect them to be too much of a threat.\n\nCONTRACT AUTHORIZED BY:\nLiaison Officer Bautista\nID# 948J030K\n
crusader_UGF_destroy_H_title_001	Destroy Deadly Contraband	crusader_UGF_destroy_H_desc_001	A fledgling syndicate have set up shop over at ~mission(Location|Address) and have been trying their hand at cracking into the drug market. Unfortunately, their product has been linked to several deaths in and around Crusader. With how potent this stuff is, it’s posing a serious threat to the public. \n\nCrusader is working to take down the whole operation, but as long as their product is circulating, the bodies are starting to pile up. \n\nWe want you to go the site and destroy the stash they have there before they get a chance to sell it. However, you should expect their stash to be extremely well guarded.\n\nCONTRACT AUTHORIZED BY:\nLiaison Officer Bautista\nID# 948J030K\n
crusader_UGF_destroy_title_001	Destroy Toxic Narcotics	crusader_UGF_destroy_desc_001	We’ve been investigating a recent bout of OD’s and they all seem to have originated with a bad batch of drugs made over at ~mission(Location|Address). \n\nI’m working with other contractors to ferret out those responsible, but people are dying as long is the product is still out there. \n\nI want you to go the site and destroy the stash they have there. Should buy us some time before we shut them down for good.\n\nThey will have guards protecting their supply, so be prepared to engage with hostiles.\n\nCONTRACT AUTHORIZED BY:\nLiaison Officer Bautista\nID# 948J030K\n
crusader_UGF_eliminateall_allies_title_001	Provide Backup	crusader_UGF_eliminateall_allies_desc_001	Crusader Security has learned that ~mission(Location|Address) is currently being threatened by a group of criminals.\n\nWhile we have security personnel on site, we are looking to hire additional contractors to help them repel any attacks. \n\nNow, as a contractor, I’m not sure how used to working with a team you are, but I don’t want to hear anything about "friendly fire" or there’s going to be problems.\n\nCONTRACT AUTHORIZED BY:\nLiaison Officer Bautista\nID# 948J030K\n
crusader_UGF_eliminateall_allies_title_intro	Security Work Assessment	crusader_UGF_eliminateall_allies_desc_intro	In an effort to increase the safety of Crusader and its environs, Crusader Security is seeking qualified individuals to assist with security work in the sector. \n\nWe have determined that you possess the skill set needed to offer you an initial trial contract. You will be assisting Crusader Security in dealing with a small hostile group that has been making threats against ~mission(Location|Address). \n\nPlease note that we already have security personnel on site, so you will have to be careful with regards to friendly fire.\n\nUpon the successful completion of this contract, you'll become eligible to apply for any future security work as it becomes available.\n\nCONTRACT AUTHORIZED BY:\nLiaison Officer Bautista\nID# 948J030K\n
crusader_UGF_eliminateall_allies_title_rehire	Security Work Reassessment	crusader_UGF_eliminateall_allies_desc_rehire	Congrats! Crusader Security has decided to offer you another chance at being a security contractor. With a little bit of hard work and effort, the hope is that you can rise above any previous performance issues. \n\nFirst though, to reassess your viability, we would like you to assist Crusader Security in dealing with an outlaw group that have been making threats against ~mission(Location|Address).\n\nNow, since you’ve had performance issues in the past, I’m going to remind you that friendly fire will not be tolerated.\n\nUpon the successful completion of this trial, you're eligibility will be restored and you'll once again be able to apply for security work with Crusader.\n\nCONTRACT AUTHORIZED BY:\nLiaison Officer Bautista\nID# 948J030K\n
crusader_UGF_eliminateall_title_001	Clear Criminal Nest	crusader_UGF_eliminateall_nocivs_desc_001	Crusader Security has learned that ~mission(Location|Address) is currently being used as a base of operations for numerous illegal activities.\n\nIn order to put a stop to this "nest of criminals," we are seeking a contractor to go to the site and clear all the hostile elements. By force if necessary.\n\nAnd just so you know, sometimes gangs like this will bring in civilians to do work for them, often through coercion. This should go without saying, but if you see any civilians they are to be protected. Crusader Security cannot have one of their contractors going around indiscriminately shooting people.\n\nCONTRACT AUTHORIZED BY:\nLiaison Officer Bautista\nID# 948J030K\n
DynamicEvent_FleetWeek2022_Title	End Nine Tails' Occupation at Orison	DynamicEvent_FleetWeek2022_Description	*FOR IMMEDIATE SYSTEM-WIDE RELEASE*\n\nAttention, Nine Tails forces have seized control of several commercial platforms near Orison. Using an Identity Friend or Foe Inverter (IFFI), they have taken over the restricted air space surrounding the platforms and only Nine Tails affiliated ships can gain access to the area. This has severely hampered Crusader Security's initial attempts at retaking the platforms. As such, Crusader has requested that CDF forces assist in shutting down the inverter and eliminating all hostile presence. Any available CDF volunteers are encouraged to provide support.\n\nAdditional Intel:\n* While the inverter is active and the airspace inaccessible, CDF has managed to gain control of a local shuttle system and route it to access Solanki Platform without the Nine Tails knowledge. Volunteers will need to head to the Crusader Industries Showroom on the Commercial Platform and get to the rooftop to find the shuttle that will travel to the occupied platforms.\n* The IFFI is believed to be located in a locked storage container on a cargo barge docked at the central Admin Center.\n* Access codes for the IFFI container are in the possession of the leader of the Nine Tails forces, Mendo Ren. \n* Past experience with Mendo Ren indicates that he is unlikely to show his face and risk capture. However, if all his lieutenants are neutralized, we believe he will have no choice but to take command of the forces in person and provide us the opportunity to retrieve the codes from him.\n* In addition to the shuttle system, Crusader Security has informed us that there are several vehicles on the platforms available for CDF to commandeer. These vehicles will be the only way of reaching the Admin Center. NOTE - If all of the vehicles within the restricted air space are destroyed before the inverter can be shut down, then there will be no way of reaching the cargo barge and the CDF will be forced to retreat.\n* The platforms are protected by Nine Tails controlled Anti-Air weapons.\n\nPlease be aware that SAIC Rowena Dulli from the Advocacy is the official attaché to the CDF and will be running the operation.
Eckhart_Assassin_Sync_E_Title_001	Double Tap	Eckhart_Assassin_Sync_E_Desc_001	A price has been set on the heads of ~mission(TargetName) and ~mission(TargetName2). \n\nWhile having to hit two targets isn't that weird, the client wants to send a very specific message, so they need to targets hit at the exact same moment. The extra credits should make up for the hassle.\n\nAnd unfortunately since the pair aren't traveling together, it goes without saying that to pull it off you're gonna need some help. Make sure you bring people you trust can handle more than one ships since the targets are known to travel with backup. \n\n
Eckhart_Assassin_Sync_H_Title_001	Two In The Head	Eckhart_Assassin_Sync_H_Desc_001	Contract's for two targets that need to be taken out at the same time. \n\nGuess the client is worried that if they aren't eliminated together, one of them will go dark and try to get some revenge.\n\nThey go by ~mission(TargetName) and ~mission(TargetName2).\n\nFind yourself a team, divide and conquer.\n\nAnd make sure whoever it is has got skills, because these two have a reputation for holding their own in a fight and they for sure won't be alone. Be ready for them to give you some trouble. 
Eckhart_Assassin_Sync_Intro_Title_001	Coordinated Takedown	Eckhart_Assassin_Sync_Intro_Desc_001	Interesting assignment came my way. I need two separate targets taken out: ~mission(TargetName) and ~mission(TargetName2) \n\nProblem is, either one gets word about the other being hit, they’ll go to ground. Can’t risk losing either of them. \n\nIt’ll take considerable coordination, but I want you to hit them both at the same exact time.  \n\nAnd since you can’t be in two places at once, you’ll need to find someone you can trust to help on this.\n\nThankfully, my intel says that both the targets should be traveling alone. That should help make things a bit easier on you.
Eckhart_Assassin_Sync_M_Title_001	Double Elimination	Eckhart_Assassin_Sync_M_Desc_001	Got a contract to take out two up and comers who've been stirring up trouble. It has to be clean, both done at the same time, or else they might cause even more trouble.  Long story short, you'll need some help on this one.\n\nBoth ~mission(TargetName) and ~mission(TargetName2) know how to handle themselves, and the people they fly with aren't no joke either. You can expect each of them to be guarded by a few ships.
Eckhart_Assassin_Sync_S_Title_001	Divide and Conquer	Eckhart_Assassin_Sync_S_Desc_001	Normally, the pair of ~mission(TargetName) and ~mission(TargetName2) would be too much to take on together. They both are about as good as it gets when it comes to dogfighting and the crew they fly with are almost as good.\n\nBut recently they split - not sure why - and are flying separate for the moment.  Someone thinks this may be the best chance to take them out. \n\nGather some personnel you can trust and plan a simultaneous raid against both targets. It's too dangerous to risk one of them living after such a direct move against them.
Eckhart_Assassin_Sync_VE_Title_001	One-Two Combo	Eckhart_Assassin_Sync_VE_Desc_001	Have another pair that need to be eliminated:\n~mission(TargetName) and ~mission(TargetName2)\n\nThey've been in the wind for a few days now, but just popped up. If we don't get them now, I'm not sure we will get another chance.  You need to enlist a partner to make sure both targets are hit at the same time.\n\nAs far as them putting up resistance, ~mission(TargetName) is known to bring along a friend to watch their back, and I suspect ~mission(TargetName2) will do likewise. 
Eckhart_Assassin_Sync_VH_Title_001	Deadly Combination	Eckhart_Assassin_Sync_VH_Desc_001	~mission(TargetName) and ~mission(TargetName2).\n\nTwo serious operators who've recently decided to make a move against their boss. Each of the pair are traveling with a small, highly trained armada and cutting deep into territory that doesn't belong to them.\n\nYou, and whoever you recruit to help, are going to take them out and it has to be both at the same time so they can't regroup.
eckhart_defendship_LRT_SB_title_001	Request for Ship Support		
eckhart_defendship_LRT_title_001	Support Client Under Attack		
eckhart_defendship_MRT_SB_title_001	Repel Shattered Blade Ships		
eckhart_defendship_MRT_title_001	Stop Attack on High-Profile Client		
eckhart_defendship_multi_HRT_SB_title_001	Serious Shattered Blade Attack		
eckhart_defendship_multi_HRT_title_001	High-Risk Ship Encounter		
eckhart_defendship_multi_SRT_SB_title_001	Shattered Blade Strike		
eckhart_defendship_multi_SRT_title_001	Extremely Dangerous Defense		
eckhart_defendship_multi_VHRT_SB_title_001	Client Needs Combat Support		
eckhart_defendship_multi_VHRT_title_001	Stop Deadly Ship Attack		
eckhart_defendship_VLRT_SB_title_001	Stop Shattered Blade Attack		
eckhart_defendship_VLRT_title_001	Save Ship		
Eckhart_EscortShips_E_title	Executive Protection Detail		
Eckhart_EscortShips_H_title	VIP Client Needs Protection		
Eckhart_EscortShips_M_title	Experienced Protection Detail Needed		
Eckhart_EscortShips_S_title	Top Tier Operator Needed		
Eckhart_EscortShips_VE_title	Low Risk Protection Detail		
Eckhart_EscortShips_VH_title	Protection Detail Needed. High Risk.		
Eckhart_ShipAmbush_E_title	Time to Teach a Lesson		
Eckhart_ShipAmbush_H_title	Tricky Ambush		
Eckhart_ShipAmbush_Intro_title	New Opportunity - Ambush Strike		
Eckhart_ShipAmbush_M_title	Launch Surprise Attack		
Eckhart_ShipAmbush_S_title	Highly Dangerous Ambush		
Eckhart_ShipAmbush_VE_title	Settle a Score		
Eckhart_ShipAmbush_VH_title	Dangerous Ambush		
EckhartSecurity_Defend_E_Title_001	Secure Site	EckhartSecurity_Defend_E_Desc_001	ECKHART SECURITY, LLC.\nCONTRACTS & DISPATCH\n\nCONTRACT TYPE: Defend Location\nAPPROVAL CODE = ~mission(ApprovalCode)\n\nFOR IMMEDIATE PROCESSING\n\nA client has intercepted comms between gang members and discovered that they’re planning an attack on <EM4>~mission(Location|Address)</EM4>. Now they need our help to ensure the attack isn’t successful.   \n\nLooking for a contractor who can defend the location from this offensive. Don’t have any specifics on the outlaws, but doubt they’re that skilled if our client cracked their comms so easily. \n\nPayment will be issued upon successful completion of contract.\n\nThis contract is non-negotiable.\n\nThis message may contain confidential, proprietary, privileged and/or private information. The information is intended to be for the use of the individual or entity designated above.
EckhartSecurity_Defend_H_Title_001	Repel Raiders	EckhartSecurity_Defend_H_Desc_001	ECKHART SECURITY, LLC.\nCONTRACTS & DISPATCH\n\nCONTRACT TYPE: Defend Location\nAPPROVAL CODE = ~mission(ApprovalCode)\n\nFOR IMMEDIATE PROCESSING\n\nThere’s a serious problem brewing for one of our clients at <EM4>~mission(Location|Address)</EM4>. They’ve been warned that a highly skilled outlaw crew has their sights set on overrunning and occupying that location. We’ve been hired to make sure that doesn’t happen. \n\nNeed a contractor to deploy to the location immediately. Based on the intel provided by the client, this won’t be a walk in the park. We strongly advise you to bring allies and plenty of supplies to help ward of the impending attack.   \n\nPayment will be issued upon successful completion of contract.\n\nThis contract is non-negotiable.\n\nThis message may contain confidential, proprietary, privileged and/or private information. The information is intended to be for the use of the individual or entity designated above.
EckhartSecurity_Defend_M_Title_001	Protect Location	EckhartSecurity_Defend_M_Desc_001	ECKHART SECURITY, LLC.\nCONTRACTS & DISPATCH\n\nCONTRACT TYPE: Defend Location\nAPPROVAL CODE = ~mission(ApprovalCode)\n\nFOR IMMEDIATE PROCESSING\n\nWe’ve gotten word that outlaws have their sights set on attacking <EM4>~mission(Location|Address)</EM4>. Our client is concerned the attack is imminent and requested that security be deployed to the site immediately. If you’re interested and available, gather all the supplies and support you may need and head to the location pronto.  \n\nPayment will be issued upon successful completion of contract.\n\nThis contract is non-negotiable.\n\nThis message may contain confidential, proprietary, privileged and/or private information. The information is intended to be for the use of the individual or entity designated above.
EckhartSecurity_EliminateAll_DC_Title_001	Expel Outlaws	EckhartSecurity_EliminateAll_DC_Desc_001	ECKHART SECURITY, LLC.\nCONTRACTS & DISPATCH\n\nCONTRACT TYPE: Clear Location\nAPPROVAL CODE = ~mission(ApprovalCode)\n\nFOR IMMEDIATE PROCESSING\n\nA client is sending frantic comms that one of their locations is under attack. We need a contractor who can hustle to <EM4>~mission(Location|Address)</EM4> and clear the location of hostile actors. \n\nAccording to onsite personnel, the outlaws are currently holed up near the <EM4>~mission(Location)</EM4>. Approach with caution and be prepared to use lethal force if the outlaws resist being removed.\n\nPayment will be issued upon successful completion of contract.\n\nThis contract is non-negotiable.\n\nThis message may contain confidential, proprietary, privileged and/or private information. The information is intended to be for the use of the individual or entity designated above.
EckhartSecurity_EliminateAll_storm_data_H_title_001	Combat Support: ~mission(Location)		
EckhartSecurity_EliminateAll_storm_shut_H_title_001	Requesting Help		
EckhartSecurity_EliminateBoss_DC_Title_001	High-Risk Bounty: ~mission(TargetName)	EckhartSecurity_EliminateBoss_DC_Desc_001	ECKHART SECURITY, LLC.\nCONTRACTS & DISPATCH\n\nCONTRACT TYPE: Bounty\nAPPROVAL CODE = ~mission(ApprovalCode)\n\nFOR IMMEDIATE PROCESSING\n\nWe’ve received actionable intelligence on a dangerous bounty, who’s turned out to be extremely elusive. <EM4>~mission(TargetName)</EM4> was spotted with a dedicated contingent of known associates at <EM4>~mission(Location|Address)</EM4>. We’re looking for a contractor ready and willing to execute this bounty before they disappear again.\n\nBased on previous attempts to apprehend this criminal, there’s a good chance that <EM4>~mission(TargetName|Last)</EM4> will try to avoid a direct confrontation, and instead send their allies to confront you. We believe that neutralizing these protective forces, and shredding the safety net they provide, is the best way to draw out <EM4>~mission(TargetName|Last)</EM4> to face you directly. \n\nExpect to confront a significant and skilled force. We advise that you plan accordingly. Payment will be issued upon successful completion of contract.\n\nThis contract is non-negotiable.\n\nThis message may contain confidential, proprietary, privileged and/or private information. The information is intended to be for the use of the individual or entity designated above.
EckhartSecurity_EliminateSpecific_DC_Title_001	Hunt Bounty: ~mission(TargetName)	EckhartSecurity_EliminateSpecific_DC_Desc_001	ECKHART SECURITY, LLC.\nCONTRACTS & DISPATCH\n\nCONTRACT TYPE: Bounty\nAPPROVAL CODE = ~mission(ApprovalCode)\n\nFOR IMMEDIATE PROCESSING\n\nWe’ve received a tip on the location of a high-profile bounty. Intel reports have tracked <EM4>~mission(TargetName)</EM4> to <EM4>~mission(Location|Address)</EM4>. We need a contractor heading in that direction on the double before the target vanishes. According to the latest reports, they were last seen near the <EM4>~mission(Location)</EM4>.  \n\nCome prepared to use lethal force if <EM4>~mission(TargetName|Last)</EM4> resists apprehension.    \n\nPayment will be issued upon successful completion of contract.\n\nThis contract is non-negotiable.\n\nThis message may contain confidential, proprietary, privileged and/or private information. The information is intended to be for the use of the individual or entity designated above.
EckhartSecurity_Mercenary_Intro_Title_001	Security Contractor Evaluation	EckhartSecurity_Mercenary_Intro_Desc_001	ECKHART SECURITY, LLC.\nCONTRACTS & DISPATCH\n\nCONTRACT TYPE: Trial - Defend Location\nAPPROVAL CODE = ~mission(ApprovalCode)\n\nFOR IMMEDIATE PROCESSING\n\nEckhart Security is seeking skilled security professionals to join its ranks. If you believe that you have the disposition and experience to handle a wide variety of security contracts, then we encourage you to prove your proficiency by executing the contract below. \n\nOutlaws have been aggravating one of our clients by targeting their staff and operations. Based on the pattern established by previous attacks, we believe that these hostile forces will target <EM4>~mission(Location|Address)</EM4> next. Successfully complete this contract to receive payment and more work opportunities from Eckhart Security. \n\nThis contract is non-negotiable.\n\nThis message may contain confidential, proprietary, privileged and/or private information. The information is intended to be for the use of the individual or entity designated above.
EckhartSecurity_Mercenary_Rehire_Title_001	Security Contractor Reevaluation	EckhartSecurity_Mercenary_Rehire_Desc_001	ECKHART SECURITY, LLC.\nCONTRACTS & DISPATCH\n\nCONTRACT TYPE: Trial - Defend Location\nAPPROVAL CODE = ~mission(ApprovalCode)\n\nFOR IMMEDIATE PROCESSING\n\nEckhart Security is continuing to evaluate potential new contractors. According to our records, you’ve previously attempted a trial contract. We understand how demanding and unpredictable this line of work can be, and would like to give you another chance at completing a qualifying contract. \n\nIf interested, report to <EM4>~mission(Location|Address)</EM4> ready to defend it from an incoming assault by outlaws. Successfully complete this contract to receive payment and more work opportunities from Eckhart Security.\n\nThis contract is non-negotiable.\n\nThis message may contain confidential, proprietary, privileged and/or private information. The information is intended to be for the use of the individual or entity designated above.
EckhartSecurity_MultiEliminateAllAndBoss_DC_Title_001	Deal with ~mission(TargetName) and Support Forces	EckhartSecurity_MultiEliminateAllAndBoss_DC_Desc_001	ECKHART SECURITY, LLC.\nCONTRACTS & DISPATCH\n\nCONTRACT TYPE: Bounty\nAPPROVAL CODE = ~mission(ApprovalCode)\n\nFOR IMMEDIATE PROCESSING\n\nGot a big league bounty contract that’s primed to be executed. <EM4>~mission(TargetName)</EM4> and their crew were identified executing a raid on <EM4>~mission(Location|Address)</EM4>. If their MO holds true, <EM4>~mission(TargetName|Last)</EM4> has surfaced to land a big score and then will disappear into the ether. Let's not allow that to happen again. \n\nWord is the hostile forces have spread themselves across the location. That’ll make hunting down the precise location of <EM4>~mission(TargetName|Last)</EM4> difficult. In addition, expect the target to act defensively when under attack. In previous engagements, they remained hidden and directed their forces from afar. It is our recommendation that you focus on thinning out their allies first and force <EM4>~mission(TargetName|Last)</EM4> to come to their own defense. Would also advise you to bring plenty of ammo and even some support to help keep you from being overwhelmed.    \n\nPayment will be issued upon successful completion of contract.\n\nThis contract is non-negotiable.\n\nThis message may contain confidential, proprietary, privileged and/or private information. The information is intended to be for the use of the individual or entity designated above.
Foxwell_bombingrun_E_title_001	Yellow Level Contract: Disrupt Operations		
Foxwell_bombingrun_H_title_001	Orange Level Contract: Destroy Outlaw Infrastructure		
Foxwell_bombingrun_M_title_001	Orange Level Contract: Take Out Fuel Supplies		
Foxwell_bombingrun_S_title_001	Red Level Contract: Destroy Outlaw Infrastructure		
Foxwell_bombingrun_VE_title_001	Yellow Level Contract: Limiting Potential Threat		
Foxwell_bombingrun_VH_title_001	Red Level Contract: Fuel Container Demolition		
Foxwell_DefendDestructibleEntites_E_Title_001	Yellow Lvl. Contract: Protect ~mission(Objects)	Foxwell_DefendDestructibleEntites_E_Desc_001	Any willing pilots in the area? Need some protection around <EM4>~mission(Location|Address)</EM4> for a client. A band of outlaws has been targeting their <EM4>~mission(Objects)</EM4>, and if nothing's done about it they'll do some real damage. Need someone to protect the client’s property as much as possible and deal with the thugs.\n\nFrom the intel we’ve managed to gather, these thugs are small-time but can cause some pain if you’re not careful. So, if you manage to nail this to the Foxwell standards, we’re offering <EM4>~mission(ScripAmount) MG Scrip</EM4> to the main contractor. \n\nGood luck,\n\nKevin Walton\nDispatcher, Foxwell Enforcement\n'Security, Your Way'\n\nFoxwell Enforcement is a bonded security specialist licensed to operate throughout the UEE. We are always looking for new operators to join our family. If you or anyone you know is interested, please reach out to one of our contract representatives.
Foxwell_DefendDestructibleEntites_H_Title_001	Orange Lvl. Contract: Protect ~mission(Objects)	Foxwell_DefendDestructibleEntites_H_Desc_001	One of our high priority clients is under attack from a criminal gang targeting their <EM4>~mission(Objects)</EM4> in <EM4>~mission(Location|Address)</EM4>. The client’s assets are valuable, so we need to keep those safe at all costs, but I won’t kid – it’ll be a challenge and a half with these thugs determined to do some real damage. \n\nIf it were me, I wouldn’t hesitate to <EM>bring backup</EM4> to deal with them. They’re no joke, so we’re offering a well-earned <EM4>~mission(ScripAmount) MG Scrip</EM4> to the main contractor who deals with these guys successfully. \n\nBest of luck,\n\nKevin Walton\nDispatcher, Foxwell Enforcement\n'Security, Your Way'\n\nFoxwell Enforcement is a bonded security specialist licensed to operate throughout the UEE. We are always looking for new operators to join our family. If you or anyone you know is interested, please reach out to one of our contract representatives.
Foxwell_DefendDestructibleEntites_M_Title_001	Orange Lvl. Contract: Defend ~mission(Objects)	Foxwell_DefendDestructibleEntites_M_Desc_001	I'm hoping that you'll be able to provide protection services at <EM4>~mission(Location|Address)</EM4>. One of our high priority clients is having some real trouble with a band of outlaws targeting their ~mission(Objects). Need to be able to keep the assets as safe and intact as possible. Client’s expecting the service they pay for, so don’t mess this up or we might lose a loyal customer.\n\nFor now, we’re still a little in the dark when it comes to these outlaws, but if you manage to nail this to the Foxwell standards, we’re offering  <EM4>~mission(ScripAmount) MG Scrip</EM4> to the main contractor. \n\nGood luck,\n\nKevin Walton\nDispatcher, Foxwell Enforcement\n'Security, Your Way'\n\nFoxwell Enforcement is a bonded security specialist licensed to operate throughout the UEE. We are always looking for new operators to join our family. If you or anyone you know is interested, please reach out to one of our contract representatives.
Foxwell_DefendDestructibleEntites_S_Title_001	Red Lvl. Contract: Protect ~mission(Objects)	Foxwell_DefendDestructibleEntites_S_Desc_001	An emergency contract just came through about a gang of violent thugs wreaking havoc on one of our VIP clients’ infrastructures. If available, we need you to rush to <EM4>~mission(Location|Address)</EM4> and defend the client’s extremely valuable <EM4>~mission(Objects)</EM4> at all costs. \n\nFoxwell is extremely aware of this group, so believe me when I say these pilots are not to be taken lightly. I strongly recommend that you arrange a <EM> highly competent backup force</EM> to fly with you to the site.\n\nIf you manage to survive the encounter with the client’s property intact, we’re adding  <EM4>~mission(ScripAmount) MG Scrip</EM4> any main contractor brave enough to take this job on. \n\nStay safe, and good luck,\n\nKevin Walton\nDispatcher, Foxwell Enforcement\n'Security, Your Way'\n\nFoxwell Enforcement is a bonded security specialist licensed to operate throughout the UEE. We are always looking for new operators to join our family. If you or anyone you know is interested, please reach out to one of our contract representatives.
Foxwell_DefendDestructibleEntites_VE_Title_001	Yellow Lvl. Contract: Defend ~mission(Objects)	Foxwell_DefendDestructibleEntites_VE_Desc_001	Calling all pilots – one of our clients is looking for some protection for their <EM4>~mission(Objects)</EM4>, based in <EM4>~mission(Location|Address)</EM4>. From what we’ve gathered, the attackers are a group of wannabe outlaw pests who probably haven’t realized the value of the assets they’re trying to destroy, just wreaking havoc for the sake of it. Still, the client’s property is important, so should be kept as intact as possible.\n\nIf you take care of them to the Foxwell standards, we’re offering <EM4>~mission(ScripAmount) MG Scrip</EM4> to the main contractor. \n\nGood luck,\n\nKevin Walton\nDispatcher, Foxwell Enforcement\n'Security, Your Way'\n\nFoxwell Enforcement is a bonded security specialist licensed to operate throughout the UEE. We are always looking for new operators to join our family. If you or anyone you know is interested, please reach out to one of our contract representatives.
Foxwell_DefendDestructibleEntites_VH_Title_001	Red Lvl. Contract: Defend ~mission(Objects)	Foxwell_DefendDestructibleEntites_VH_Desc_001	Urgent ship support needed at <EM4>~mission(Location|Address)</EM4>. A known destructive criminal organization has been testing the waters with one of our clients’ property for months, and has now raised hell by targeting the client’s <EM4>~mission(Objects)</EM4>. These assets are highly valuable, so need to keep those safe at all costs – though we know it’ll be no easy feat.\n\nI cannot stress enough how dangerous these guys are, so I wouldn’t hesitate to <EM>bring backup</EM> to deal with them. If you and the assets make it out intact, we’re offering a well-earned <EM4>~mission(ScripAmount) MG Scrip</EM4>  to the main contractor. \n\nBest of luck,\n\nKevin Walton\nDispatcher, Foxwell Enforcement\n'Security, Your Way'\n\nFoxwell Enforcement is a bonded security specialist licensed to operate throughout the UEE. We are always looking for new operators to join our family. If you or anyone you know is interested, please reach out to one of our contract representatives.
Foxwell_DefendLocation_E_Title_001	Yellow Level Contract: Defend ~mission(DefendLocationWrapperLocation)	Foxwell_DefendLocation_E_Desc_001	Ships coming and going from <EM4>~mission(DefendLocationWrapperLocation|Address)</EM4> are being targeted by hostile forces. The folks there have hired us to deal with this problem immediately.\n\nNeed someone to get there pronto and start fighting off these ships. The situation appears to be constantly evolving, so I’ll keep you updated on where you’re needed most. \n\nFor the hustle and effort, we’ll also be paying a bonus of <EM4>~mission(ScripAmount) MG Scrip</EM4> to the main contractor for dealing with this.\n\nGood luck,\n\nKevin Walton\nDispatcher, Foxwell Enforcement\n'Security, Your Way'\n\nFoxwell Enforcement is a bonded security specialist licensed to operate throughout the UEE. We are always looking for new operators to join our family. If you or anyone you know is interested, please reach out to one of our contract representatives.
Foxwell_DefendLocation_H_Title_001	Orange Level Contract: Protect Our Client’s Interests	Foxwell_DefendLocation_H_Desc_001	The folks at <EM4>~mission(DefendLocationWrapperLocation|Address)</EM4> are under attack and need our support. Their ships in the wider area are being targeted and there’s a growing concern that this is only a precursor to something bigger.  \n\nThe situation is evolving, but I’m being fed constant updates on what’s going on and will keep you informed as the contract progresses. \n\nAre you available to come to their aid? Would be smart to recruit some friends to help. These are important clients and we can’t afford to fail them. The main contractor will earn a bonus payment of <EM4>~mission(ScripAmount) MG Scrip</EM4> if you get the job done.\n\nGood luck,\n\nKevin Walton\nDispatcher, Foxwell Enforcement\n'Security, Your Way'\n\nFoxwell Enforcement is a bonded security specialist licensed to operate throughout the UEE. We are always looking for new operators to join our family. If you or anyone you know is interested, please reach out to one of our contract representatives.
Foxwell_DefendLocation_M_Title_001	Orange Level Contract: Ship Protection Needed	Foxwell_DefendLocation_M_Desc_001	We’ve got clients reporting outlaw attacks on ships around <EM4>~mission(DefendLocationWrapperLocation|Address)</EM4>. They got locked down tight and anybody heading in or out is a target. Any attempts to solve the issue have just been met with more outlaw reinforcements appearing. \n\nThe client is desperate for a solution, so we’re hiring a contractor to go and restore peace in the area. If any other issues flare up once you're there, I’ll comm you directions on how to help.  \n\nReally need someone on this fast. So to sweeten the pot, the main contractor will also get a bonus payment of <EM4>~mission(ScripAmount) MG Scrip</EM4>.\n\nGood luck,\n\nKevin Walton\nDispatcher, Foxwell Enforcement\n'Security, Your Way'\n\nFoxwell Enforcement is a bonded security specialist licensed to operate throughout the UEE. We are always looking for new operators to join our family. If you or anyone you know is interested, please reach out to one of our contract representatives.
Foxwell_DefendLocation_S_Title_001	Red Level Contract: Support VIP Clients 	Foxwell_DefendLocation_S_Desc_001	Looking for a consummate professional to handle a high-stakes job. We’ve got VIP clients at <EM4>~mission(DefendLocationWrapperLocation|Address)</EM4> who are facing extremely aggressive and motivated outlaws targeting ships around their location. Exact details on the attack are still rolling in, but it appears to be a wide ranging, multi-pronged operation. \n\nIf you’re available, I highly recommend that you bring additional combat support ships, plenty of supplies, and your A-game. Get this right, and we’ll reward the main contractor with a bonus payment of <EM4>~mission(ScripAmount) MG Scrip</EM4>.\n\nGood luck,\n\nKevin Walton\nDispatcher, Foxwell Enforcement\n'Security, Your Way'\n\nFoxwell Enforcement is a bonded security specialist licensed to operate throughout the UEE. We are always looking for new operators to join our family. If you or anyone you know is interested, please reach out to one of our contract representatives.
Foxwell_DefendLocation_VE_Title_001	Yellow Level Contract: Stand Up to Aggressors	Foxwell_DefendLocation_VE_Desc_001	Outlaw ships are harassing anyone attempting to land or leave our client’s operations at <EM4>~mission(DefendLocationWrapperLocation|Address)</EM4>. Need someone to fly there to defend the site and protect our client’s ships before the situation gets out of control. Get there, get after those aggressors, and I'll keep you updated on the situation. \n\nHelp take care of this and we'll pass along a bonus payment of <EM4>~mission(ScripAmount) MG Scrip</EM4> to the main contractor.\n\nGood luck,\n\nKevin Walton\nDispatcher, Foxwell Enforcement\n'Security, Your Way'\n\nFoxwell Enforcement is a bonded security specialist licensed to operate throughout the UEE. We are always looking for new operators to join our family. If you or anyone you know is interested, please reach out to one of our contract representatives.
Foxwell_DefendLocation_VH_Title_001	Red Level Contract: Save Ships at ~mission(DefendLocationWrapperLocation)	Foxwell_DefendLocation_VH_Desc_001	Ship support is needed at <EM4>~mission(DefendLocationWrapperLocation|Address)</EM4> immediately. Our client’s interests in the area are under fierce attack by outlaw forces. Looking for someone who can grab their gear, a few support ships they can trust, and deploy before it’s too late. Once you arrive, I’ll send any sitrep updates your way.  \n\nDon’t mess this up. These clients are paying for and expecting top tier protection. If anything goes wrong, we could lose this contract. That’s why we’ll give the main contractor a bonus payment of <EM4>~mission(ScripAmount) MG Scrip</EM4> if all goes down without a hitch.\n\nGood luck,\n\nKevin Walton\nDispatcher, Foxwell Enforcement\n'Security, Your Way'\n\nFoxwell Enforcement is a bonded security specialist licensed to operate throughout the UEE. We are always looking for new operators to join our family. If you or anyone you know is interested, please reach out to one of our contract representatives.
foxwell_DefendShip_E_title_001	Yellow Level Contract: Ship Under Attack		
foxwell_DefendShip_H_title_001	Red Level Contract: Ship Under Attack		
foxwell_DefendShip_M_title_001	Orange Level Contract: ~mission(Ship) Needs Assistance		
Foxwell_DestroyNarcotics_E_title_001	Knock Out New Drug Op		
Foxwell_DestroyNarcotics_H_title_001	Destroy Dangerous Drugs		
Foxwell_DestroyNarcotics_M_title_001	Destroy Illegal Drugs		
Foxwell_EliminateAll_Allies_title_001	Help Protect Site		
Foxwell_EliminateAll_NonHostiles_title_001	Carefully Clear Site		
Foxwell_EliminateAll_OLP_M_title_001	Yellow Level Contract: Merc Work		
Foxwell_EliminateAll_PAF_M_title_001	Yellow Level Contract: Clear Out PAF		
Foxwell_EliminateAll_title_001	Sweep and Clear Location		
Foxwell_EliminateSpecific_NonHostiles_title_001	Precision Strike on ~mission(TargetName)		
Foxwell_EliminateSpecific_title_001	Track Down ~mission(TargetName)		
Foxwell_HaulCargo_AToB_OLP_title_01	Red Level Contract: Retrieve Cargo Haul		
Foxwell_HaulCargo_AToB_PAF_title_01	Red Level Contract: Recoup Stolen Cargo Haul		
Foxwell_HaulCargo_MultiToSingle_title_01	Red Level Contract: Clear PAFs, Recover Cargo, and Deliver to OLP		
Foxwell_Mercenary_Intro_title_001	Exciting New Opportunities with Foxwell Enforcement		
Foxwell_Mercenary_Rehire_title_001	Still Looking for Work?		
Foxwell_SecurityPatrol_E_Title_001	Yellow Level Contract: Security Sweep	Foxwell_SecurityPatrol_E_Desc_001	Need someone to knock out a security patrol. You’ll need to go to the <EM4>location marker</EM4> on your HUD and then scan several designated waypoints ensuring that they’re safe and secure. \n\nSatellites in that region have been acting up recently. Not exactly sure what’s going on out there, but best be prepared in case there’s any trouble.\n\nComplete this contract and the main contractor will get a bonus payment of <EM4>~mission(ScripAmount) MG Scrip.</EM4>\n\nGood luck,\n\nKevin Walton\nDispatcher, Foxwell Enforcement\n'Security, Your Way'\n\nFoxwell Enforcement is a bonded security specialist licensed to operate throughout the UEE. We are always looking for new operators to join our family. If you or anyone you know is interested, please reach out to one of our contract representatives.
Foxwell_SecurityPatrol_H_Title_001	Orange Level Contract: Potential Security Threat	Foxwell_SecurityPatrol_H_Desc_001	Several unknown ships have been spotted in areas frequented by haulers delivering goods for our client. They’re worried these ships are monitoring their haulers in preparation for an ambush, so they’ve hired us to patrol the area. \n\nStart by going to the <EM4>location marker</EM4> on your HUD and scan it to ensure it’s clear. After that, we’ll send you to some other areas to scan for potential threats. We recommend that you bring a <EM4>wingman</EM4> and plenty of supplies to be ready to handle whatever might come your way.     \n\nAlso know that successfully completing this contract will earn the main contractor a bonus payment of <EM4>~mission(ScripAmount) MG Scrip.</EM4>\n\nGood luck,\n\nKevin Walton\nDispatcher, Foxwell Enforcement\n'Security, Your Way'\n\nFoxwell Enforcement is a bonded security specialist licensed to operate throughout the UEE. We are always looking for new operators to join our family. If you or anyone you know is interested, please reach out to one of our contract representatives.
Foxwell_SecurityPatrol_M_Title_001	Orange Level Contract: Security Patrol	Foxwell_SecurityPatrol_M_Desc_001	A client is concerned about activity near some of their interests. We’ve been contracted to patrol the area and run scans at several locations. Interested? If so, head to the <EM4>location marker</EM4> on your HUD to start the patrol.\n\nThe client wasn’t specific about the threats, but they don’t think everything’s on the level out there. Hopefully we’ll be able to bring them some peace of mind.\n\nAdditionally, the client arranged for us to offer a bonus payment of <EM4>~mission(ScripAmount) MG Scrip</EM4> to the main contractor.\n\n\nGood luck,\n\nKevin Walton\nDispatcher, Foxwell Enforcement\n'Security, Your Way'\n\nFoxwell Enforcement is a bonded security specialist licensed to operate throughout the UEE. We are always looking for new operators to join our family. If you or anyone you know is interested, please reach out to one of our contract representatives.
Foxwell_SecurityPatrol_S_Title_001	Red Level Contract: Secure Threatened Space	Foxwell_SecurityPatrol_S_Desc_001	Need a battle-hardened pilot for an important patrol. A prominent client is fed up with outlaws targeting their ships and satellites. We’ve been hired to scan the areas in question and deal with any hostile forces. The patrol begins at the <EM4>location marker</EM4> on your HUD before moving to a number of other locations we’ll expect you to clear.\n\nNot sure what you’ll run into out there, but based on intel shared by the client, they’re frequently seeing fighter groups of five to seven ships roaming the region. Some even have larger ships leading the charge. That means you better be ready for a serious fight. If you can, try to recruit at least <EM4>three friends</EM4> to the cause. Even a seasoned pilot will need all the help they can get against this crew.   \n\nSince this is going to be a tough one, the main contractor will get a bonus payment of <EM4>~mission(ScripAmount) MG Scrip</EM4> at the end of the patrol.\n\nGood luck,\n\nKevin Walton\nDispatcher, Foxwell Enforcement\n'Security, Your Way'\n\nFoxwell Enforcement is a bonded security specialist licensed to operate throughout the UEE. We are always looking for new operators to join our family. If you or anyone you know is interested, please reach out to one of our contract representatives.
Foxwell_SecurityPatrol_VE_Title_001	Yellow Level Contract: Routine Patrol	Foxwell_SecurityPatrol_VE_Desc_001	Time to knock out a routine patrol for one of our long-term clients. The route is a series of waypoints that need to be visited and scanned to confirm everything’s as expected. Should be simple enough.  \n\nIf interested, please accept and head to the <EM4>location marker</EM4> on your HUD to start. Pull this off and the main contractor will get a bonus payment of <EM4>~mission(ScripAmount) MG Scrip.</EM4>\n\n\nGood luck,\n\nKevin Walton\nDispatcher, Foxwell Enforcement\n'Security, Your Way'\n\nFoxwell Enforcement is a bonded security specialist licensed to operate throughout the UEE. We are always looking for new operators to join our family. If you or anyone you know is interested, please reach out to one of our contract representatives.
Foxwell_SecurityPatrol_VH_Title_001	Red Level Contract: High-Risk Security Patrol	Foxwell_SecurityPatrol_VH_Desc_001	A client needs our help. Outlaws are roaming certain sectors where they do business and attacking anyone they come across. Our client has already lost several ships and can’t afford to lose anymore. \n\nWe need someone to patrol those areas and draw out any hostile forces. The job begins with you heading to the <EM4>location marker</EM4> on your HUD and scanning. Then we’ll share a handful of other patrol points for you to scan. \n\nFrom the sound of it, these packs of ships feature skilled and aggressive pilots. Best be ready to rumble if you run into any of them. Would be good to have at least <EM4>two trusted pilots</EM4> by your side for this one.\n\nAt the end of a successful patrol, the main contractor will get a bonus payment of <EM4>~mission(ScripAmount) MG Scrip.</EM4>\n\nStay chilly,\n\nKevin Walton\nDispatcher, Foxwell Enforcement\n'Security, Your Way'\n\nFoxwell Enforcement is a bonded security specialist licensed to operate throughout the UEE. We are always looking for new operators to join our family. If you or anyone you know is interested, please reach out to one of our contract representatives.
Foxwell_ShipAmbush_E_title_001	Yellow Level Contract: Surprise Strike		
Foxwell_ShipAmbush_H_title_001	Orange Level Contract: Return the Favor		
Foxwell_ShipAmbush_M_title_001	Orange Level Contract: Spring a Trap		
Foxwell_ShipAmbush_S_title_001	Red Level Contract: Surprise Attack		
Foxwell_ShipAmbush_VE_title_001	Yellow Level Contract: Ambush An Amateur		
Foxwell_ShipAmbush_VH_title_001	Red Level Contract: Ambush Attack Squad		
Foxwell_ShipWaveAttack_ClearHostiles_Title_E_001	Yellow Level Contract: Neutralize Shipjacking Gang	Foxwell_ShipWaveAttack_ClearHostiles_Desc_E_001	Okay, this might be a bit of stretch to do on your own, so if you got any favors to call in, it could be good to cash those chits now. There's a group of desperados striking delivery ships up and down this sector and we've been tasked with cleaning them up. \n\nOnce your crew is ready, head over to ~mission(Location|Address) and take the hostiles there down. Now, these bastards are a bit clever so they tend to split up into smaller packs. Make sure you wait around to clear every last one of them out.\n \nGood luck,\n\nMarcus Clenn\nFoxwell Enforcement\n'Security, Your Way'\n\nFoxwell Enforcement is a bonded security specialist licensed to operate throughout the UEE. We are always looking for new operators to join our family. If you or anyone you know is interested, please reach out to one of our contract representatives."
Foxwell_ShipWaveAttack_ClearHostiles_Title_H_001	Orange Level Contract: Take Out Criminal Fleet	Foxwell_ShipWaveAttack_ClearHostiles_Desc_H_001	It seems that a couple of different small-time gangs have decided to pool their resources and start doing coordinated attacks. Alone, they weren't much, but all together they're proving to be a serious threat that has to be dealt with.\n\nRecruit some backup you can rely on and the fly over to ~mission(Location|Address). Once you attack the initial gang members you find there, the other groups will arrive to support them. Make sure you wait around to take out all of them.\n \nGood luck,\n\nMarcus Clenn\nFoxwell Enforcement\n'Security, Your Way'\n\nFoxwell Enforcement is a bonded security specialist licensed to operate throughout the UEE. We are always looking for new operators to join our family. If you or anyone you know is interested, please reach out to one of our contract representatives.
Foxwell_ShipWaveAttack_ClearHostiles_Title_M_001	Orange Level Contract: Destroy Outlaw Threat	Foxwell_ShipWaveAttack_ClearHostiles_Desc_M_001	A splinter group of outlaws have broken off from one of the main gangs in the system and have been trying to strike out on their own. With the amount of trouble they've been causing its clear they're looking to establish a name for themselves as quickly as they can. It's going to be up to you and your support crew to put a stop to them.\n\nOnce your crew is ready, head over to ~mission(Location|Address) and engage with the gang. Not all of them will just be waiting there on site. Expect reinforcements to arrive once you begin your assault. Just be sure to stay until every last one of them has been take care of.\n \nGood luck,\n\nMarcus Clenn\nFoxwell Enforcement\n'Security, Your Way'\n\nFoxwell Enforcement is a bonded security specialist licensed to operate throughout the UEE. We are always looking for new operators to join our family. If you or anyone you know is interested, please reach out to one of our contract representatives."
Foxwell_ShipWaveAttack_ClearHostiles_Title_VE_001	Yellow Level Contract: Clear Shipjacking Group	Foxwell_ShipWaveAttack_ClearHostiles_Desc_VE_001	There's a small group of criminals that have been marking their territory, striking out any freighters that get close enough. They got a little too greedy though, because now someone's paying us to go deal with them.\n\nOnce you and whoever you're bringing are ready, go to ~mission(Location|Address) and engage with these criminals. Since they like to fly in separate packs, be sure you wait around to clear every last one of them out.\n \nGood luck,\n\nMarcus Clenn\nFoxwell Enforcement\n'Security, Your Way'\n\nFoxwell Enforcement is a bonded security specialist licensed to operate throughout the UEE. We are always looking for new operators to join our family. If you or anyone you know is interested, please reach out to one of our contract representatives.
FTL_Courier_Nyx_Easy_Title_001	ENTRY LVL. COURIER NEEDED IN NYX	FTL_Courier_Nyx_Easy_Desc_001	AVAILABLE FTL CONTRACT\nFOR IMMEDIATE ASSIGNMENT\n\n**CONTRACT DETAILS**\nFTL requires an entry-level courier to complete deliveries in Nyx.\nCourier must provide own transportation.\nPrior training in manual lifting is preferred, with the <EM4>ability to move boxes of up to .25 SCU</EM4> in weight.\nBy accepting this contract you agree to take full responsibility for the safety of the assigned packages.\n\n~mission(Contractor|SignOff)
FTL_Courier_Stanton_Easy_Title_001	ENTRY LVL. COURIER NEEDED IN STANTON	FTL_Courier_Stanton_Easy_Desc_001	AVAILABLE FTL CONTRACT\nFOR IMMEDIATE ASSIGNMENT\n\n**CONTRACT DETAILS** \nA reliable and hardworking entry-level courier is needed to ferry a delivery in Stanton.\nYou will be responsible for providing your own transportation.\nInterested contractors need the <EM4>ability to lift up to .25 SCU boxes</EM4>.\nContractors are employed on an independent basis and therefore not covered by FTL's company insurance.\n\n~mission(Contractor|SignOff)
FTL_Courier_Stanton_Medium_Title_001	JR. LVL. COURIER NEEDED IN STANTON	FTL_Courier_Stanton_Medium_Desc_001	AVAILABLE FTL CONTRACT\nFOR IMMEDIATE ASSIGNMENT\n\n**CONTRACT DETAILS**\nJunior-level courier needed for deliveries across the Stanton System.\nTransportation must be provided by courier.\nYou will be <EM4>required to lift up to .25 SCU</EM4> in weight.\nCouriers are responsible for the correct handling and safety of all packages charged to their care.\n\n~mission(Contractor|SignOff)
GMCapture_Title	Idris War Game	GMCapture_Desc	To test the preparedness of our response teams, we would like volunteers to simulate an assault against a CDF Idris by neutralizing and taking control of the vessel.\n\nTo be clear, the goal of the exercise is not to destroy the Idris, but for you to attempt to board the craft and maintain control of it as long as possible. Volunteers should expect to meet full resistance from the Idris' highly trained crew and are encouraged to get an updated imprint beforehand.\n\nCoordinates will be provided upon confirming your participation.\n\nThanks and good luck.  
Headhunters_bounty_title_001	Deadbeat	Headhunters_bounty_desc_001	The Headhunters recently loaned credits to ~mission(TargetName) under some clear conditions. Specifically, pay us back or we’ll kill you. Wild to think that wasn’t enough of an incentive, but here we are past the payment deadline. Now as much as we like ~mission(TargetName|First), I need you to make good on our promise.\n\n~mission(TargetName|Last) was last seen at ~mission(Location|Address). Track ‘em down, ghost ‘em, and get paid. It’s as simple as that. \n\nStows out.
Headhunters_bounty_title_002	Past Due	Headhunters_bounty_desc_002	Time is up for ~mission(TargetName). The skav is way past due on paying back the Headhunters, so I need you to punch them out. \n\nKill ‘em, not hit ‘em, just in case that’s unclear. \n\nSomeone recently spotted ~mission(TargetName|Last) around ~mission(Location|Address), so head there and take ‘em out.  \n\nFull disclosure, we’ve gotten reports they used some of our creds to hire extra protection. Prepare accordingly. \n\nStows out.
Headhunters_bounty_title_003	Collection Notice	Headhunters_bounty_desc_003	~mission(TargetName) borrowed a bunch of creds from the Headhunters and thought the smart move was to try and hide instead of paying us back, so I need someone to make an example of ~mission(TargetName|Last).\n\nThey were just spotted at ~mission(Location|Address), so I’d recommend heading there now before the trail goes cold. ~mission(TargetName|Last) is a paranoid sort, so don’t be surprised if they’re not alone. Handle it however you want as long as ~mission(TargetName|Last) is dust when you’re done.   \n\nStows out.
Headhunters_bounty_xenothreat_title_001	Preemptive Strike	Headhunters_bounty_xenothreat_desc_001	Headhunters got word there’s a XenoThreat op in the works that's targeting one of our crews. We don’t have precise details about the plan but we know that ~mission(TargetName) is organizing it. Instead of sitting back and waiting for something to happen, we’ve decided to be proactive. \n\n~mission(TargetName|Last) was just spotted with others around ~mission(Location|Address). We can’t mobilize anyone fast enough to get there. I want you to rush there and deliver a preemptive strike.   \n\nStows out. 
Headhunters_bounty_xenothreat_title_002	Payback	Headhunters_bounty_xenothreat_desc_002	XenoThreat recently hit a Headhunters' stronghold. I’ll spare you the details, but they did some truly heinous shit to our crew. We’ve identified the leader of the op as ~mission(TargetName) and are looking for a little payback. We don’t care what you do to get the job done. Only that ~mission(TargetName|Last) is dead. \n\nA source just told us that you can track down this XenoThreat scum over at ~mission(Location|Address). This sicko’s a pro and never travels alone, so don’t expect taking them out to be a walk in the park.  \n\nStows out. 
Headhunters_bounty_xenothreat_title_003	Exact Justice	Headhunters_bounty_xenothreat_desc_003	~mission(TargetName) was recently revealed to be a mole for XenoThreat. It all makes sense now because the skav was a major asshole. Unfortunately, they split before we could handle it ourselves. \n\nBased on all they learned about our ops, we need ‘em taken out pronto. They see one of us coming and they’ll just run again, but I figured someone like you has a better chance of getting close enough for a killshot. \n\nWe just got word ~mission(TargetName|Last) was hanging around ~mission(Location|Address). Looks like there’s other ships around protecting ‘em too. Think you got the skill to rid the ‘verse of a traitorous bastard and their bastard friends?  \n\nStows out.\n
headhunters_ChainElimAll_1C_AttackCFP_E_title_001	A little retaliation		
headhunters_ChainElimAll_1C_AttackXT_M_title_001	Taking out some XenoThreat trash		
headhunters_ChainElimAll_1C_ElimSpec_AttackCFP_M_title_001	Driving CFP out		
headhunters_ChainElimAll_2C_ElimSpec_AttackCFP_H_title_001	Sweep and clear some CFP haunts		
headhunters_ChainElimAll_2C_ElimSpec_AttackXT_H_title_001	Taking XenoThreat Turf		
headhunters_ChainElimAll_3C_ElimSpec_AttackCFP_VH_title_001	Hit a CFP Complex		
headhunters_ChainElimAll_3C_ElimSpec_AttackXT_VH_title_001	Taking down a XenoThreat Hideout		
headhunters_ChainElimAll_AttackCFP_E_title_001	Time to roll on CFP		
headhunters_ChainElimAll_AttackGen_E_title_001	Go on the warpath		
headhunters_ChainElimAll_Boss_XenoThreat_VH_title_001	Hit on XenoThreat command		
Headhunters_claimsweep_title_easy	Eliminate Eavesdroppers	Headhunters_claimsweep_desc_easy	Some numbskull is trying to dig up dirt on the Headhunters. Some orbital sentries were dropped at ~mission(location|address) to spy on us. We’ve also spotted a ship checking on them. Simple proposition for you. Go wipe out the sentries there and we’ll pay you for it. That sound like something you’d be into?\n\nAs for the ship, you can do whatever you want with it, but if it spots you, don’t be surprised if it tries to go get some back up. That’s just how these things go.\n\nStows out.
Headhunters_claimsweep_title_hard	Exterminate Eavesdroppers	Headhunters_claimsweep_desc_hard	Some idiots think they can blatantly spy on the Headhunters and get away with it. They’ve set up several orbital sentries at ~mission(location|address) and have a few ships patrolling the area. We don’t know who’s behind it but we honestly don’t care. We just need it gone. \n\nLet us know if you feel like putting some real brash bastards in their place. We’ll pay you well and deliver the creds the second the job is done. \n\nKeep in mind that it’s really only the sentries we care about. The ships they got patrolling are only a concern if they get in your way or if they try to call in some friends to stop you. \n \nStows out.
Headhunters_claimsweep_title_intro	Erase Eavesdropper	Headhunters_claimsweep_desc_intro	Got a minor annoyance the Headhunters need dealt with. There's an orbital sentry at ~mission(location|address) that some pesky little troublemaker set up to spy on our ops. Want to make some easy creds and go blow it up for us?\n\nStows out.
Headhunters_claimsweep_title_medium	Eradicate Eavesdroppers	Headhunters_claimsweep_desc_medium	Headhunters are looking for a merc to do a little clean up for us. Found out that someone’s trying to spy on us over at ~mission(location|address). Can’t let that stand. We need a skilled operator to take care of the orbital sentries they dropped there, and if needed, deal with any of their ships that get in your way. Seems like a decently run op, so hitting it might not be easy but it sure should be fun. \n\nLet us know if you’re the right one for the gig. Creds will be transferred once our scans show it’s gone. \n\nStows out.
headhunters_defend_Generic_M_Carvers_title_001	Take back Carvers Ridge		
headhunters_defend_Generic_M_GoldenRivera_title_001	Rally at ~mission(Location)		
headhunters_defend_Generic_M_TheYard_title_001	The Yard's under attack		
headhunters_defend_Generic_M_WindFall_title_001	Don't let Windfall Fall		
Headhunters_defend_XT_H_title_001	Halt XenoThreat Expansion		
headhunters_defend_xt_title_001	Back up needed at outpost		
Headhunters_defend_XT_VH_title_001	Block XenoThreat Expansion		
HeadHunters_DefendEntitesAndEscort_E_Title	Provide Protection at ~mission(Location)		
HeadHunters_DefendEntitesAndEscort_H_Title	Stop Rival Attack at ~mission(Location)		
HeadHunters_DefendEntitesAndEscort_M_Title	Secure ~mission(Location) from Upstarts		
HeadHunters_DefendEntitesAndEscort_S_Title	Guard ~mission(Location) From Rivals		
HeadHunters_DefendEntitesAndEscort_VE_Title	Keep ~mission(Location) Safe		
HeadHunters_DefendEntitesAndEscort_VH_Title	Defend ~mission(Location) From Mercs		
headhunters_eliminateall_base_Generic_E_title_001	Need a hitter		
Headhunters_eliminateall_caves_title_01	A Swift Reprisal	Headhunters_eliminateall_caves_desc_01	Hey,\n\nSome two-bit thugs are holed up in ~mission(Location|Address). Wouldn’t pay them any mind, except the arrogant skags tried to hit an outpost under our protection.\n\nWe chased 'em off with little trouble, but we can't let that kind of disrespect go unpunished. Our Clips are busy with some bigger fish, so we'd like you to take care of this for us. \n\nStows out.
headhunters_eliminateall_cfp_E_title_001	Hitting a CFP site		
headhunters_eliminateall_cfp_title_001	Looking for a little revenge		
headhunters_eliminateall_Generic_M_title_001	Wipe ~mission(Location) out		
Headhunters_EliminateAll_OLP_H_title_001	Deliver a Message		
headhunters_eliminateall_outpost_title_01	Reputation Management	headhunters_eliminateall_outpost_desc_01	Some assholes are refusing to pay us what we’re owed. Problem is, these idiots are bragging about it. Had they kept it quiet, we could’ve taken care of this more surgically, but now we need to send a message.\n\nThe fools are operating from ~mission(Location|Address). We need them all gone. Make it as loud as you can. We’ll send your payment once everyone’s taken care of.\n\n- Stows out.
Headhunters_EliminateAll_PAF_H_title_001	Show Them Who's Boss		
headhunters_eliminateall_retrievestolen_base_Generic_M_title_001	Death and cargo		
headhunters_eliminateall_retrievestolen_missingperson_base_Generic_M_title_001	A tricky tricky task		
headhunters_EliminateAll_XenoThreat_H_title_001	Hit XenoThreat at ~mission(Location)		
headhunters_eliminateall_XT_derelicts_title_01	Turf War		
headhunters_eliminateall_xt_title_001	Green light on ~mission(Location)		
Headhunters_EliminateBoss_OLP_VH_title_001	Settle a Grudge		
headhunters_EliminateSpecific_Asteroid_Generic_M_title_001	Need a death at ~mission(Location)		
headhunters_EliminateSpecific_Asteroid_Generic_VE_title_001	Deep space hit		
headhunters_EliminateSpecific_Carvers_XenoThreat_H_title_001	Need a scalpel at Carver's		
headhunters_EliminateSpecific_CFP_E_title_001	Shot in the chaos		
headhunters_EliminateSpecific_CFP_H_title_001	Paid Target in CFP		
headhunters_EliminateSpecific_CFP_M_title_001	Need a CFP taken down		
headhunters_EliminateSpecific_Defector_title_001	Plug a traitor		
headhunters_EliminateSpecific_Generic_E_title_001	Kill the king		
headhunters_EliminateSpecific_Generic_M_title_001	Need someone taken out		
headhunters_EliminateSpecific_Generic_VH_title_001	Green light on ~mission(TargetName|Last)		
Headhunters_EliminateSpecific_PAF_title_001	Ghost ~mission(TargetName)		
headhunters_EliminateSpecific_Riviera_XenoThreat_VH_title_001	Need a hit on the Riviera		
headhunters_EliminateSpecific_TheYard_XenoThreat_H_title_001	Hit on XenoThreat at the Yard		
headhunters_eliminatespecific_title_001	Ripe for Retribution 	headhunters_eliminatespecific_desc_001	Some interesting information just fell into my lap. Guess the notorious XenoThreat leader ~mission(TargetName) is holed up at ~mission(location|address) working on some big op for them. Perfect opportunity to kill the piece of shit once and for all.\n\nThing is, the Xenos have their eyes all over Headhunter operations at the moment. There’s no way we can mobilize and deploy a crew without ~mission(TargetName|Last) getting tipped off. So I’m offering you the chance to make Pyro a better place and earn some creds at the same time.\n\nIf interested, I suggest gearing up and finding some backup before heading out. You'll only get paid if you take out ~mission(TargetName|Last), but don’t hesitate to kill any other little XenoThugs that might be hiding there with ‘em.  \n\nStows out.
headhunters_EliminateSpecific_Windfall_XenoThreat_H_title_001	Head of the snake		
headhunters_EliminateSpecific_XenoThreat_H_title_001	XenoThreat Lieutenant needs some killing		
headhunters_EliminateSpecific_XenoThreat_title_001	Drop a XenoThreat		
headhunters_EliminateSpecific_XenoThreat_VH_title_001	Wanted: ~mission(TargetName)		
headhunters_killship_asteroid_rank0_title_001	Target takedown for a fast track in		
headhunters_killship_asteroid_rank1_title_001	Target at ~mission(Location) 		
headhunters_killship_cfp_hrt_title_001	Kill Order		
headhunters_killship_cfp_mrt_title_001	Hit a CFP Ship		
headhunters_killship_cfp_vhrt_title_001	Primo Target		
headhunters_killship_gen_hrt_title_001	Wanted: ~mission(TargetName)		
headhunters_killship_gen_lrt_title_001	Simple Hit		
headhunters_killship_gen_mrt_title_001	Treat yourself to a fight		
headhunters_killship_gen_vlrt_rank0_title_001	Wanna be a Headhunter?		
headhunters_killship_xenothreat_ert_title_001	Ghost some XenoTrash		
headhunters_multikillship_base_Generic_M_title_001	Crash some ships		
Headhunters_Theft_OLP_title_001	Opportunity Knocks at ~mission(Location)		
Headhunters_Theft_PAF_title_001	Steal Some ~mission(Item)		
HexPenetrator_Bounty_title	Overdrive Initiative: PRIORITY TARGETS	HexPenetrator_Bounty_desc	Our analysts have examined the intel seized from those XenoThreat recon teams but the data appears to be locked behind a sophisticated encryption system and requires a custom cryptokey to access.\n\nWe've managed to locate several XenoThreat lieutenants operating in the system, you are to find and engage the suspects and see if they are in possession of a cryptokey that will allows us to access the intel.\n\nAs a reminder, the military has generously donated some old F7A Hornets for CDF members who see this initiative through to the end.
HexPenetrator_Comm_Title	Overdrive Initiative: XENOTHREAT SURVEILLANCE	HexPenetrator_Comm_Description	One of the suspects captured during the recent attacks revealed that XenoThreat is looking to remotely access a number of comm arrays around the system.\n\nHaving XenoThreat listening into comms is extremely dangerous for the people living here, so the CDF has been enlisted to reset the comm array, then defend it from any XenoThreat Vanguards that will attempt to reconnect to the servers. \n\nOnce those Vanguards have been defeated, clear out any remaining hostile ships in the area.\n\nAs a reminder, the military has generously donated some old F7A Hornets for CDF members who see this initiative through to the end.
HexPenetrator_DataHeist_title	Overdrive Initiative: INTEL RAID	HexPenetrator_DataHeist_description	We've received tips that XenoThreat's intending to launch another attack on Stanton system. The CDF has petitioned the Advocacy to create a new initiative called Operation Overdrive to stop this attack before it happens. \n\nThe CDF is dispatching volunteers to infiltrate and obtain any intel that could give insight into what they're planning. Needless to say, expect heavy resistance from any XenoThreat on site.\n\nAs an added incentive, the military has generously donated some old F7A Hornets for CDF members who see this initiative through to the end.
HexPenetrator_Incursion_Title	Overdrive Initiative: XENOTHREAT INCURSION	HexPenetrator_Incursion_Desc	Waves of XenoThreat ships have been pushing into Stanton system and attacking random civilians. We can't tell if this is an isolated attack or a reaction to our recent initiatives, but we need them stopped.\n\nAs a reminder, the military has generously donated some old F7A Hornets for CDF members who see this initiative through to the end.
HexPenetrator_Kareah_Title	Overdrive Initiative: EMERGENCY AT KAREAH	HexPenetrator_Kareah_Desc	Attention all CDF volunteers, we received a distress call from Security Post Kareah. It turns out XenoThreat used the comm arrays as a distraction to lure law enforcement away so they could launch an attack on the station.\n\nWe've learned that they're attempting to access their systems, so all volunteers must immediately divert to retake Kareah and clear out all XenoThreat forces.\n\nAs a reminder, the military has generously donated some old F7A Hornets for CDF members who see this initiative through to the end.
HexPenetrator_RecoverDeliver_title	Overdrive Initiative: SUPPLY REQUEST	HexPenetrator_RecoverDeliver_description	Attention CDF volunteers, XenoThreat's gone off the grid. We suspect that they have gone dark in order to prep for the final phase of their plan. \n\nHistory has proven that XenoThreat like to fight so it stands to reason that this might be an attack of some kind so we're calling on volunteers to deliver supplies to the Gateway station near the Stanton-Pyro jump point to shore up for a potential assault.\n\nAs a reminder, the military has generously donated some old F7A Hornets for CDF members who see this initiative through to the end.
HexPenetrator_RewardRecord_Title	Overdrive Initiative: Reward	HexPenetrator_RewardRecord_Desc	Thank you for your diligence on this Overdrive Initiative. \n\nAs promised, we've approved you for an upgrade from a civilian F7C mk ii to a military grade F7A mk ii if you have one.\n\nIn addition, you've been given a temporary rental of a military F7A mk ii that you can access in your ASOP.\n\n\n_________________\n\nTo upgrade, visit the RSI website to apply the token, then restart the game and access the ship.
hh_killanimals_e_derelictoutpostscaves_title_001	Deal with Kopions at ~mission(Location)		
hh_killanimals_h_derelictoutpostscaves_title_001	Butcher Kopion Pack at ~mission(Location)		
hh_killanimals_m_derelictoutpostscaves_title_001	Kill Kopions at ~mission(Location)		
Highpoint_KillAnimals_AtLocation_title	Pest Control		
Highpoint_KillAnimals_MultiType_H_title	Intensive Eradication Effort		
Highpoint_KillAnimals_MultiType_M_title	Cull Invasive Creatures		
Highpoint_KillAnimals_OneType_title	Reduce Overpopulation		
Highpoint_KillAnimals_PAF_Kopion_name	Kopion Culling Request		
Highpoint_KillAnimals_rockcracker_title_E_001	Reduce Valakkar Breaker Station Population		
Highpoint_KillAnimals_storm_H_title_001	Cull Irradiated Kopions		
Hockrow_FacilityDelve_P1M1_title	Jorrit Dossier: Onyx Personnel Files		
Hockrow_FacilityDelve_P1M2_title	Jorrit Dossier: Access Engineering Files		
Hockrow_FacilityDelve_P1M3_title	Jorrit Dossier: Access Research Files		
Hockrow_FacilityDelve_P2M1_Repeat_title	Jorrit Dossier: Updated Energy Anomaly Data		
Hockrow_FacilityDelve_P2M2_Repeat_title	Jorrit Dossier: Updated Security Data		
Hockrow_FacilityDelve_P2M3_Repeat_title	Jorrit Dossier: Updated Seismic Data		
Hockrow_FacilityDelve_P2M4_Repeat_title	Jorrit Dossier: Updated Power Usage Data		
Hurston_bounty_boss_dc_title_001	Elusive Bounty: ~mission(TargetName) (HRT)	Hurston_bounty_boss_dc_desc_001	HURSTON DYNAMICS OUTSOURCING\nCONTRACT: Bounty Collection\nOUTSOURCE MANAGER: I. Takao\nRISK ASSESSMENT: High Risk Target (Armed Support)\n\nHurston Dynamics is seeking a contractor to complete a bounty for ~mission(TargetName). This bounty has proven extremely elusive so far, but intel reports have tracked the target and a cohort of their known associates to ~mission(Location|Address). \n\nHowever, there is a strong chance that ~mission(TargetName|Last) will not risk a confrontation unless absolutely forced to. It is our recommendation that you neutralize a significant portion of the criminal’s allies first in order to draw them out. The report indicates that a large party of these hostiles are currently near the ~mission(Location).\n\nPayment will be released only after the bounty has been deemed complete.\n\n\n\n\n** The information transmitted may contain confidential and/or privileged material. Any review, retransmission, dissemination or other use of or taking action in reliance upon this information by persons or entities other than the intended recipient is prohibited. **
hurston_bounty_fps_title_001	Entrenched Bounty: ~mission(TargetName) (MRT)	hurston_bounty_fps_UGF_nocivs_desc_001	HURSTON DYNAMICS\nOUTSOURCING DEPARTMENT\n\nCONTRACT: Bounty Collection\nCONTRACTOR AFFILIATION: Independent\nOUTSOURCE MANAGER: L. Paleski\nRISK ASSESSMENT: Moderate Risk Target (Likely Armed Support)\nRUSH CONTRACT: No\n\nHurston Dynamics is seeking a contractor to complete a bounty for ~mission(TargetName). \n\nIntel reports have located the current whereabouts of the target to ~mission(Location|Address).  While you are clear to engage with any criminals at the site as you see fit, any civilians at the location are to be protected.\n\nPayment will be released only after the bounty has been deemed complete.\n \n\n** The information transmitted may contain confidential and/or privileged material. Any review, retransmission, dissemination or other use of or taking action in reliance upon this information by persons or entities other than the intended recipient is prohibited. **\n\n
Hurston_bounty_multiboss_dc_title_001	Evasive Bounty: ~mission(TargetName) (VHRT)	Hurston_bounty_multiboss_dc_desc_001	HURSTON DYNAMICS OUTSOURCING\nCONTRACT: Bounty Collection\nOUTSOURCE MANAGER: I. Takao\nRISK ASSESSMENT: Very High Risk Target (Armed Support)\n\nHurston Dynamics is seeking a contractor to complete a bounty for ~mission(TargetName). This target and the large hostile force they are traveling with have just been reported raiding ~mission(Location|Address). \n\nHowever, if their MO holds true, ~mission(TargetName|Last) has typically remained hidden during attacks, preferring to direct their forces from afar. It is our recommendation that you focus on thinning out their allies first, and once their numbers have been significantly weakened, ~mission(TargetName|Last) will have no choice but to confront you directly. \n\nPayment will be released only after the bounty has been deemed complete.\n\n\n\n\n** The information transmitted may contain confidential and/or privileged material. Any review, retransmission, dissemination or other use of or taking action in reliance upon this information by persons or entities other than the intended recipient is prohibited. **\n
hurston_bounty_title_E	Wanted: ~mission(TargetName) (LRT)	bounty_desc	~mission(Contractor|BountyDescription)
hurston_bounty_title_H	Wanted: ~mission(TargetName) (HRT)	bounty_desc	~mission(Contractor|BountyDescription)
hurston_bounty_title_intro_001	Bounty Hunter Contractor Evaluation 	hurston_bounty_desc_intro	HURSTON DYNAMICS\nOUTSOURCING DEPARTMENT\n\nCONTRACT: Bounty Collection\nCONTRACTOR AFFILIATION: Independent\nOUTSOURCE MANAGER: ~mission(Contractor|Auth)\nRISK ASSESSMENT: ~mission(Danger)\nRUSH CONTRACT: ~mission(Contractor|BountyTimed)\n\nAfter repeated and continual misdemeanor offenses, a bounty has been issued for the following individual - ~mission(TargetName).\n \nTo evaluate your potential in assisting in the capture of more elusive criminals, Hurston Dynamics will be evaluating your ability to locate and apprehend ~mission(TargetName|Last) by any means at your disposal. The latest intel on ~mission(TargetName|Last)'s current whereabouts has them last seen at ~mission(Location|Address).\n\nPayment will be released only after the bounty is dealt with. \n \n\n** The information transmitted may contain confidential and/or privileged material. Any review, retransmission, dissemination or other use of or taking action in reliance upon this information by persons or entities other than the intended recipient is prohibited. **
hurston_bounty_title_M	Wanted: ~mission(TargetName) (MRT)	bounty_desc	~mission(Contractor|BountyDescription)
hurston_bounty_title_rehire	Bounty Hunter Contractor Reevaluation 	hurston_bounty_desc_rehire	HURSTON DYNAMICS\nOUTSOURCING DEPARTMENT\n\nCONTRACT: Bounty Collection\nCONTRACTOR AFFILIATION: Independent\nOUTSOURCE MANAGER: ~mission(Contractor|Auth)\nRISK ASSESSMENT: ~mission(Danger)\nRUSH CONTRACT: ~mission(Contractor|BountyTimed)\n\nOur department preforms periodic reevaluations of past bounty hunters and have determined that you may be a suitable candidate for possible reinstatement.\n\nAs a demonstration of your suitability, successfully apprehend the following wanted individual: \n~mission(TargetName).\n \nThe latest intel on ~mission(TargetName|Last)'s current whereabouts is that they were last spotted at ~mission(Location|Address).\n\nReinstatement as a Hurston Dynamics bounty hunter and payment will follow the successful completion of this contract.\n \n\n** The information transmitted may contain confidential and/or privileged material. Any review, retransmission, dissemination or other use of or taking action in reliance upon this information by persons or entities other than the intended recipient is prohibited. **
hurston_bounty_title_S	Wanted: ~mission(TargetName) (ERT)	bounty_desc	~mission(Contractor|BountyDescription)
hurston_bounty_title_VE	Wanted: ~mission(TargetName) (VLRT)	bounty_desc	~mission(Contractor|BountyDescription)
hurston_bounty_title_VH	Wanted: ~mission(TargetName) (VHRT)	bounty_desc	~mission(Contractor|BountyDescription)
Hurston_eliminateall_dc_title_001	Neutralize Outlaw Incursion	Hurston_eliminateall_dc_desc_001	HURSTON DYNAMICS OUTSOURCING\nCONTRACT: Neutralize Hostile Force\nOUTSOURCE MANAGER: T. Dalik\nRISK ASSESSMENT: High\n\nOur security forces have been notified of an ongoing outlaw incursion at ~mission(Location|Address), and we are in need of an independent operator capable of clearing out the hostile actors. \n\nAccording to onsite personnel, the outlaws are currently holed up near the ~mission(Location). Approach with caution and be prepared to use lethal force if the outlaws resist being removed.\n\nPayment will only be authorized once the location has been effectively cleared.\n\n\n\n\n** The information transmitted may contain confidential and/or privileged material. Any review, retransmission, dissemination, or other use of or taking action in reliance upon this information by persons or entities other than the intended recipient is prohibited. **\n
Hurston_eliminatespecifc_dc_title_001	Bounty Located: ~mission(TargetName) (MRT)	Hurston_eliminatespecifc_dc_desc_001	HURSTON DYNAMICS OUTSOURCING\nCONTRACT: Bounty Collection\nOUTSOURCE MANAGER: T. Davik\nRISK ASSESSMENT: Moderate Risk Target\n\nHurston Dynamics is seeking a contractor to complete a bounty for ~mission(TargetName). Intel reports have tracked the target to ~mission(Location|Address) where they were last seen near the ~mission(Location). \n\nBe prepared for them to resist apprehension and for the use of lethal force if required.\n\nPayment will be released only after the bounty has been deemed complete.\n \n\n\n\n** The information transmitted may contain confidential and/or privileged material. Any review, retransmission, dissemination or other use of or taking action in reliance upon this information by persons or entities other than the intended recipient is prohibited. **\n
Hurston_killcreatureslocation_onetype_multilocation_title_01	Eradicate All Nests	Hurston_killcreatureslocation_onetype_multilocation_desc_01	HURSTON DYNAMICS\nOUTSOURCING DEPARTMENT\n\nCONTRACT: Pest Extermination\nCONTRACTOR AFFILIATION: Independent\nOUTSOURCE MANAGER: G. Livingston\nRISK ASSESSMENT: Medium\nRUSH CONTRACT: No\n\nHurston is seeking a contractor willing to exterminate several nests that have been preventing departments from surveying the relevant caves for resources. We are prepared to offer generous payment for the eradication of these various pests.\n\nFor more information on the animals in question, refer to "The Guide to Stanton Wildlife" in your Journal.\n\n** The information transmitted may contain confidential and/or privileged material. Any review, retransmission, dissemination, or other use of or taking action in reliance upon this information by persons or entities other than the intended recipient is prohibited. **
Hurston_killcreatureslocation_onetype_onelocation_title_01	Exterminate Nest of ~mission(Creature)	Hurston_killcreatureslocation_onetype_onelocation_desc_01	HURSTON DYNAMICS\nOUTSOURCING DEPARTMENT\n\nCONTRACT: Pest Extermination\nCONTRACTOR AFFILIATION: Independent\nOUTSOURCE MANAGER: G. Livingston\nRISK ASSESSMENT: Medium\nRUSH CONTRACT: No\n\nHurston is seeking a contractor willing to exterminate ~mission(Creature) that have taken up residence inside ~mission(location|address). They have become an issue, and we need a professional to resolve the situation. Payment will be sent once the nest has been eliminated.\n\nFor more information on the animals in question, refer to "The Guide to Stanton Wildlife" in your Journal.\n\n** The information transmitted may contain confidential and/or privileged material. Any review, retransmission, dissemination, or other use of or taking action in reliance upon this information by persons or entities other than the intended recipient is prohibited. **
hurston_RetrieveConsignment_title_001	Defend Site and Retrieve Confidential Materials 	hurston_RetrieveConsignment_desc_001	HURSTON DYNAMICS\nOUTSOURCING DEPARTMENT\n\nCONTRACT: Facility Sweep & Package Retrieval\nCONTRACTOR AFFILIATION: Independent\nOUTSOURCE MANAGER: G. Livingston\nRISK ASSESSMENT: High\nRUSH CONTRACT: Yes\n\nHurston has learned that the Nine Tails are attacking ~mission(Location|address). Our on-site forces have suffered heavy casualties and stopped responding to comms. Initial reports indicated that the gang was attempting to obtain confidential material recently delivered to the facility. Thankfully, we have security measures in place that should give us time to respond. We need an operative to head to the facility immediately, retrieve those boxes, and deliver them to a secure location.\n\nYou and whatever backup you choose to bring are authorized to take any actions necessary when confronting the trespassers. Suspects are considered armed and dangerous. Hurston will not provide material support and/or updates regarding the status of the facility's security forces. \n\nThe confidential materials were discreetly delivered alongside other boxes in a consignment and locked in our automated vault with access codes kept on datapads held by senior security staff. However, there’s a strong chance Nine Tails may already have gotten their hands on them. You’ll need to find those datapads and then enter the codes at the package conveyor to retrieve the confidential materials. Payment will be sent once they have been delivered to ~mission(dropoff1|address). \n\n\n** The information transmitted may contain confidential and/or privileged material. Any review, retransmission, dissemination, or other use of or taking action in reliance upon this information by persons or entities other than the intended recipient is prohibited. **
Hurston_searchbody_dc_title_001	Missing Person Report: ~mission(TargetName) 	Hurston_searchbody_dc_desc_001	HURSTON DYNAMICS OUTSOURCING\nCONTRACT: Locate Missing Individual\nOUTSOURCE MANAGER: I. Takao\nRISK ASSESSMENT: Low\n\nThe staff at ~mission(Location|Address) has recently filed a missing persons report for one ~mission(TargetName). They have been missing for several days and were last seen heading to the ~mission(Location).\n\nYou are being contracted to conduct an onsite search for ~mission(TargetName|Last) and see if you can determine their whereabouts. \n\nPayment is dependent on returning a record of their current location, alive or dead.\n\n\n\n\n** The information transmitted may contain confidential and/or privileged material. Any review, retransmission, dissemination or other use of or taking action in reliance upon this information by persons or entities other than the intended recipient is prohibited. **\n
hurston_UGF_defend_E_title_001	Guard Facility Against Threat	hurston_UGF_defend_E_desc_001	HURSTON DYNAMICS\nOUTSOURCING DEPARTMENT\n\nCONTRACT: Facility Protection\nCONTRACTOR AFFILIATION: Independent\nOUTSOURCE MANAGER: T. Spooner\nRISK ASSESSMENT: High\nRUSH CONTRACT: No\n\nA small local gang has been making threats against ~mission(Location|Address) and Hurston Security is seeking a contractor to put together a security team to protect the facility against any incursions.\n\nPayment will be sent once the facility is confirmed to be safe. \n\n\n\n** The information transmitted may contain confidential and/or privileged material. Any review, retransmission, dissemination, or other use of or taking action in reliance upon this information by persons or entities other than the intended recipient is prohibited. **\n
hurston_UGF_defend_title_001	Guard Facility Against Hostiles	hurston_UGF_defend_desc_001	HURSTON DYNAMICS\nOUTSOURCING DEPARTMENT\n\nCONTRACT: Facility Protection\nCONTRACTOR AFFILIATION: Independent\nOUTSOURCE MANAGER: T. Spooner\nRISK ASSESSMENT: High\nRUSH CONTRACT: No\n\nLocal criminals have been making threats against ~mission(Location|Address) and Hurston Security is seeking a contractor to put together a security team to guard the facility against any incursions.\n\nPayment will be sent once the facility is confirmed to be safe. \n\n\n\n** The information transmitted may contain confidential and/or privileged material. Any review, retransmission, dissemination, or other use of or taking action in reliance upon this information by persons or entities other than the intended recipient is prohibited. **\n
hurston_UGF_defend_VH_title_001	Guard Facility Against Dangerous Hostiles	hurston_UGF_defend_VH_desc_001	HURSTON DYNAMICS\nOUTSOURCING DEPARTMENT\n\nCONTRACT: Facility Protection\nCONTRACTOR AFFILIATION: Independent\nOUTSOURCE MANAGER: T. Spooner\nRISK ASSESSMENT: Very High\nRUSH CONTRACT: No\n\nA growing outlaw faction have been making threats against ~mission(Location|Address) and Hurston Security requires a contractor to put together a security team and guard the facility against any incursions.\n\nPayment will be sent once the facility is confirmed to be safe. \n\n\n\n** The information transmitted may contain confidential and/or privileged material. Any review, retransmission, dissemination, or other use of or taking action in reliance upon this information by persons or entities other than the intended recipient is prohibited. **\n
hurston_UGF_destroy_E_title_001	Eliminate Contraband Stash	hurston_UGF_destroy_E_desc_001	HURSTON DYNAMICS\nOUTSOURCING DEPARTMENT\n\nCONTRACT: Contraband Elimination\nCONTRACTOR AFFILIATION: Independent\nOUTSOURCE MANAGER: R. Russel\nRISK ASSESSMENT: Medium\nRUSH CONTRACT: No\n\nLocal thugs have been using ~mission(Location|Address) to manufacture large quantities of contraband. Hurston Security requires a contractor to go to the facility and destroy all contraband being stored there.\n\nPayment will be sent once all the contraband is eliminated. \n\n\n\n** The information transmitted may contain confidential and/or privileged material. Any review, retransmission, dissemination, or other use of or taking action in reliance upon this information by persons or entities other than the intended recipient is prohibited. **\n
hurston_UGF_destroy_H_title_001	Eliminate Narcotic Stash	hurston_UGF_destroy_H_desc_001	HURSTON DYNAMICS\nOUTSOURCING DEPARTMENT\n\nCONTRACT: Contraband Elimination\nCONTRACTOR AFFILIATION: Independent\nOUTSOURCE MANAGER: R. Russel\nRISK ASSESSMENT: Very High\nRUSH CONTRACT: No\n\nA small syndicate have been using ~mission(Location|Address) to manufacture large quantities of highly dangerous narcotics. Hurston Security is seeking a contractor to go to the facility and eliminate all the contraband being stored there.\n\nPayment will be sent once all the contraband is eliminated. \n\n\n\n** The information transmitted may contain confidential and/or privileged material. Any review, retransmission, dissemination, or other use of or taking action in reliance upon this information by persons or entities other than the intended recipient is prohibited. **\n
hurston_UGF_destroy_title_001	Eliminate Drug Stash	hurston_UGF_destroy_desc_001	HURSTON DYNAMICS\nOUTSOURCING DEPARTMENT\n\nCONTRACT: Contraband Elimination\nCONTRACTOR AFFILIATION: Independent\nOUTSOURCE MANAGER: R. Russel\nRISK ASSESSMENT: High\nRUSH CONTRACT: No\n\nLocal criminals have been identified using ~mission(Location|Address) to manufacture large quantities of illegal. Hurston Security requires a contractor to go to the facility and eliminate all contraband being stored there.\n\nPayment will be sent once all the contraband is eliminated. \n\n\n\n** The information transmitted may contain confidential and/or privileged material. Any review, retransmission, dissemination, or other use of or taking action in reliance upon this information by persons or entities other than the intended recipient is prohibited. **\n
hurston_UGF_eliminateall_allies_title_001	Assist in Defending Site	hurston_UGF_eliminateall_allies_desc_001	HURSTON DYNAMICS\nOUTSOURCING DEPARTMENT\n\nCONTRACT: Facility Protection\nCONTRACTOR AFFILIATION: Independent\nOUTSOURCE MANAGER: T. Spooner\nRISK ASSESSMENT: High\nRUSH CONTRACT: No\n\nThe security personnel at ~mission(Location|Address) is being threatened by a local criminal element and Hurston Security is seeking contractors to bolster their defenses and eliminate any hostiles who attempt to breach the site.\n\nNote that you are only cleared to engage with confirmed hostiles. Assaulting any security personnel at the site will result in a breach of contract.\n\nPayment will be sent once the facility is confirmed to be safe. \n\n\n\n** The information transmitted may contain confidential and/or privileged material. Any review, retransmission, dissemination, or other use of or taking action in reliance upon this information by persons or entities other than the intended recipient is prohibited. **\n
hurston_UGF_eliminateall_allies_title_intro	Security Contractor Evaluation	hurston_UGF_eliminateall_allies_desc_intro	HURSTON DYNAMICS\nOUTSOURCING DEPARTMENT\n\nCONTRACT: Facility Protection\nCONTRACTOR AFFILIATION: Independent\nOUTSOURCE MANAGER: T. Spooner\nRISK ASSESSMENT: High\nRUSH CONTRACT: No\n\nA local criminal group has been threatening ~mission(Location|Address) and Hurston Security is seeking contractors to bolster their defenses and eliminate any hostiles who attempt to breach the site.\n\nNote that you are only cleared to engage with confirmed hostiles. Assaulting any security personnel at the site will result in a breach of contract.\n\nPayment will be sent once the facility is confirmed to be safe. Successful completion of this evaluation will allow you to be considered for future work as a security contractor.\n\n\n\n** The information transmitted may contain confidential and/or privileged material. Any review, retransmission, dissemination, or other use of or taking action in reliance upon this information by persons or entities other than the intended recipient is prohibited. **\n
hurston_UGF_eliminateall_allies_title_rehire	Security Contractor Reevaluation	hurston_UGF_eliminateall_allies_desc_rehire	HURSTON DYNAMICS\nOUTSOURCING DEPARTMENT\n\nCONTRACT: Facility Protection\nCONTRACTOR AFFILIATION: Independent\nOUTSOURCE MANAGER: T. Spooner\nRISK ASSESSMENT: High\nRUSH CONTRACT: No\n\nOur department performs periodic reevaluations of past security contractors and have determined that you may be a suitable candidate for possible reinstatement.\n\nTo reclaim your status, Hurston Security is seeking contractors to assist with eliminating a local criminal element threatening ~mission(Location|Address).\n\nNote that you are only cleared to engage with confirmed hostiles. Assaulting any security personnel at the site will result in a breach of contract.\n\nPayment will be sent once the facility is confirmed to be safe. Successful completion of this reevaluation will allow you to be considered for future work as a security contractor.\n\n\n\n** The information transmitted may contain confidential and/or privileged material. Any review, retransmission, dissemination, or other use of or taking action in reliance upon this information by persons or entities other than the intended recipient is prohibited. **\n
hurston_UGF_eliminateall_title_001	Evict Illegal Occupants	hurston_UGF_eliminateall_nocivs_desc_001	HURSTON DYNAMICS\nOUTSOURCING DEPARTMENT\n\nCONTRACT: Facility Sweep\nCONTRACTOR AFFILIATION: Independent\nOUTSOURCE MANAGER: K. Restle\nRISK ASSESSMENT: High\nRUSH CONTRACT: No\n\nHurston is seeking a contractor willing to clear out criminal occupants from ~mission(Location|Address).\n\nThe site has been used to host numerous illegal activities, so it is imperative that it is secured. \n\nNote that you are only cleared to engage with confirmed hostiles. Assaulting any civilians at the site will be considered a violation of your contract. \n\nPayment will be sent once the facility is confirmed to be clear. \n\n\n\n** The information transmitted may contain confidential and/or privileged material. Any review, retransmission, dissemination, or other use of or taking action in reliance upon this information by persons or entities other than the intended recipient is prohibited. **\n
Intersec_DefendShip_Title_Easy_001	Defend InterSec Operative	Intersec_DefendShip_Desc_Easy_001	MISSION SPECS\n\nArea of Operation: Nyx System \nHostile Forces: Outlaws\nEquipment Specs: Combat-rated Ship \nBriefing: Require urgent assistance for an InterSec operative who is currently under fire at <EM4>~mission(Location|Address)</EM4>.\n\nA group of outlaws had previously taken our operative captive with the intention of extracting sensitive information from them, but miraculously they were able to escape. Unfortunately, the pursuing outlaws now have them pinned down.\n\nDue to the number of the ships assaulting them, we're offering additional compensation to accommodate the added danger. <EM4>Recruiting additional ships</EM4> to support you in this mission is highly advised.\n\nRespectfully,   \n\nDeacon Tobin \nOperations Manager \nInterSec Defense Solutions  \n\nThis communication consists of confidential information solely intended for the recipient. Please disregard if received in error and notify the sender. All operations are conducted at the contractor’s own personal risk and must adhere to UEE and system law where applicable.
Intersec_DefendShip_Title_Hard_001	Protect Vital Asset	Intersec_DefendShip_Desc_Hard_001	MISSION SPECS\n\nArea of Operation: Nyx System \nHostile Forces: Outlaws\nEquipment Specs: Combat-rated Ships\nBriefing: One of our pilots is under attack at <EM4>~mission(Location|Address)</EM4> and is in need of assistance.\n\nThis operative is carrying key information regarding a coordinated attack on key UEE infrastructure and it is vital that they are able to deliver it to us. You and any <EM4>dependable pilots you can recruit</EM4> are charged with protecting them from the outlaws in pursuit long enough for them to QT away.\n\nRespectfully,   \n\nDeacon Tobin \nOperations Manager \nInterSec Defense Solutions  \n\nThis communication consists of confidential information solely intended for the recipient. Please disregard if received in error and notify the sender. All operations are conducted at the contractor’s own personal risk and must adhere to UEE and system law where applicable.
Intersec_DefendShip_Title_Medium_001	Operative Extraction	Intersec_DefendShip_Desc_Medium_001	MISSION SPECS\n\nArea of Operation: Nyx System \nHostile Forces: Outlaws\nEquipment Specs: Combat-rated Ships\nBriefing: An undercover agent of ours was compromised and is now being pursued by the outlaw pack they had infiltrated. As such, they are in need of immediate extraction at <EM4>~mission(Location|Address)</EM4>. \n\nOnce on site, engage with all hostiles in order to provide cover so our operative can QT away.\n\n<EM4>Bring additional backup</EM4> and don't underestimate these outlaws. They are violent and motivated so they are unlikely to give up anytime soon.\n\nRespectfully,\n\nDeacon Tobin \nOperations Manager \nInterSec Defense Solutions  \n\nThis communication consists of confidential information solely intended for the recipient. Please disregard if received in error and notify the sender. All operations are conducted at the contractor’s own personal risk and must adhere to UEE and system law where applicable.
Intersec_DefendShip_Vanduul_Title_Super_001	Handle Vanduul Attack on Ship	Intersec_DefendShip_Vanduul_Desc_Super_001	MISSION SPECS\n\nArea of Operation: Nyx System\nHostile Forces: Vanduul\nEquipment Specs: Combat-rated Ship\nBriefing: An operator working with InterSec is currently being attacked by Vanduul ships at <EM4>~mission(Location|Address)</EM4>. The likelihood of them surviving on their own is low, so we’re looking for a contractor willing to provide combat support.  \n\nContractors accepting this mission should be well supplied and ready to face the Vanduul threat head-on. \n\nRespectfully, \n\nDeacon Tobin\nOperations Manager\nInterSec Defense Solutions\n\nThis communication consists of confidential information solely intended for the recipient. Please disregard if received in error and notify the sender. All operations are conducted at the contractor’s own personal risk and must adhere to UEE and system law where applicable.
Intersec_DefendShip_Vanduul_Title_VeryHard_001	Pilot Under Fire From Vanduul	Intersec_DefendShip_Vanduul_Desc_VeryHard_001	MISSION SPECS\n\nArea of Operation: Nyx System \nHostile Forces: Vanduul \nEquipment Specs: Combat-rated Ships \nBriefing: We've just lost contact with a pilot who engaged with Vanduul forces at <EM4>~mission(Location|Address)</EM4>.\n\nTravel to their last known location and if they're still alive, defend them long enough to ensure they can escape. Ensuring the safety of the operative is crucial, as is eliminating any Vanduul threats to the UEE.\n\nYou'll most likely need a <EM4>strong group of ships</EM4> to successfully neutralize these Vanduul.\n\nRespectfully,   \n\nDeacon Tobin \nOperations Manager \nInterSec Defense Solutions  \n\nThis communication consists of confidential information solely intended for the recipient. Please disregard if received in error and notify the sender. All operations are conducted at the contractor’s own personal risk and must adhere to UEE and system law where applicable.
Intersec_KillShip_Title_Easy_001	Terrorist ~mission(TargetName) to be Neutralized	Intersec_KillShip_Desc_Easy_001	MISSION SPECS\n\nArea of Operation: Nyx System\nHostile Forces: Outlaws\nEquipment Specs: Combat-rated Ships\nBriefing: InterSec has identified more outlaws who are planning an operation against UEE interests from within Nyx. Your mission will be to neutralize this potential threat before they can enact their plans.\n\nTravel to <EM4>~mission(Location|Address)</EM4> and dispatch the leader of these outlaws, <EM4>~mission(TargetName)</EM4> without hesitation. We have scouted a small number of ships, but our report suggest these are competent pilots - <EM4>bringing back up is advised.</EM4>\n\nRemember that eliminating these outlaws not only serves the people of Nyx, but the UEE too.\n\nRespectfully,\n\nDeacon Tobin\nOperations Manager\nInterSec Defense Solutions\n\nThis communication consists of a non-binding offer that upon acceptance may be immediately terminated by either party without any given notice. All operations are conducted at the contractor’s own personal risk and must adhere to system law where applicable.
Intersec_KillShip_Title_Hard_001	Preemptive Strike On ~mission(TargetName)	Intersec_KillShip_Desc_Hard_001	MISSION SPECS\n\nArea of Operation: Nyx System\nHostile Forces: Outlaws\nEquipment Specs: Combat-rated Ships\nBriefing: InterSec requires a skilled contractor to eliminate a highly dangerous group of criminals based in Nyx who are planning a coordinated strike on a prominent member of the UEE Navy.\n\nWe have intercepted a crucial piece of intelligence suggesting a known terrorist by the name of <EM4>~mission(TargetName)</EM4> intends to carry out this assassination along with the help of local criminal elements.\n\nThey are currently located at <EM4>~mission(Location|Address)</EM4>, making this an ideal time for us to strike. Be warned, these outlaws are experienced killers - bringing a <EM4>group of trustworthy allies</EM4> is advised.\n\nRespectfully, \n\nDeacon Tobin \nOperations Manager \nInterSec Defense Solutions  \n\nThis communication consists of a non-binding offer that upon acceptance may be immediately terminated by either party without any given notice. All operations are conducted at the contractor’s own personal risk and must adhere to system law where applicable.
Intersec_KillShip_Title_Intro_001	New Defense Contract: ~mission(TargetName) Elimination	Intersec_KillShip_Desc_Intro_001	MISSION SPECS\n\nArea of Operation: Nyx System\nHostile Forces: Outlaws\nEquipment Specs: Combat-rated Ships\nBriefing: InterSec has been hired to combat the rising number of outlaws using Nyx as a staging ground for their operations, with the intention of attacking neighboring UEE systems.\n\nAs a preventative measure, we require you to travel to <EM4>~mission(Location|Address)</EM4> and eliminate the ringleader <EM4>~mission(TargetName)</EM4> to deter their planned attack on Stanton. They and their crew are highly dangerous and you are <EM4>advised  to bring a wingman</EM4> for support.\n\nContractors who can prove themselves reliable and competent in executing operations will be eligible for future missions with InterSec.\n\nRespectfully,\n\nDeacon Tobin\nOperations Manager\nInterSec Defense Solutions\n\nThis communication consists of a non-binding offer that upon acceptance may be immediately terminated by either party without any given notice. All operations are conducted at the contractor’s own personal risk and must adhere to system law where applicable.
Intersec_KillShip_Title_Medium_001	Neutralize UEE Threat: ~mission(TargetName)	Intersec_KillShip_Desc_Medium_001	MISSION SPECS\n\nArea of Operation: Nyx System\nHostile Forces: Outlaws\nEquipment Specs: Combat-rated Ships\nBriefing: Seemingly unsatisfied with their takings in Nyx, an outlaw group lead by <EM4>~mission(TargetName)</EM4> has been planning a major strike against the UEE. This cannot be allowed to come to pass.\n\nThanks to the work of our Intelligence team, we've been able to track them down to <EM4>~mission(Location|Address)</EM4>.\n\nHead there as soon as you can and engage before they have a chance to leave the system. Based on our strategic analysis, we recommend a <EM4>well-armed and skilled fleet</EM4> will be necessary for the successful completion of this mission.\n\nRespectfully, \n\nDeacon Tobin \nOperations Manager \nInterSec Defense Solutions  \n\nThis communication consists of a non-binding offer that upon acceptance may be immediately terminated by either party without any given notice. All operations are conducted at the contractor’s own personal risk and must adhere to system law where applicable.
InterSec_KillShip_Vanduul_Title_Super_001	Eliminate Vanduul Ship	InterSec_KillShip_Vanduul_Desc_Super_001	MISSION SPECS\n\nArea of Operation: Nyx System\nHostile Forces: Vanduul\nEquipment Specs: Combat-rated Ship\nBriefing: InterSec requires the services of a skilled pilot who’s prepared to assist in taking down a dangerous Vanduul target that has been involved in numerous attacks.\n\nVanduul incursions have been on the rise recently, posing not only a threat to the system of Nyx, but the UEE as a whole. It is imperative that these sightings are responded to in a swift and efficient manner. \n\nWe require you to fly to the last known sighting of the Vanduul ship at <EM4>~mission(Location|Address)</EM4> and eliminate them immediately.  \n\nVanduul pilots are highly skilled and extremely dangerous. Engage the enemy immediately and do not hesitate – they will not show the same mercy.\n\nCompensation proportionate to the risk of the contract will be awarded.\n\n\nRespectfully,\nDeacon Tobin\nOperations Manager\nInterSec Defense Solutions\n\nThis communication consists of a non-binding offer that upon acceptance may be immediately terminated by either party without any given notice. All operations are conducted at the contractor’s own personal risk and must adhere to system law where applicable.
Intersec_KillShip_Vanduul_Title_VeryHard_001	Neutralize Vanduul Target	Intersec_KillShip_Vanduul_Desc_VeryHard_001	MISSION SPECS\n\nArea of Operation: Nyx System\nHostile Forces: Vanduul\nEquipment Specs: Combat-rated Ships\nBriefing: InterSec is in need of a highly skilled combat pilot who can locate and neutralize a dangerous Vanduul target.\n\nAn operator of ours has identified a Vanduul ship flying within the vicinity of <EM4>~mission(Location|Address)</EM4>. We've been given strict instructions to eliminate any Vanduul spotted on the fringes of UEE space, for fear of encroachment into the Empire's territory.\n\nBring a <EM4>small fleet of competent pilots</EM4> with you to engage and neutralize the target.\n\nRespectfully, \n\nDeacon Tobin \nOperations Manager \nInterSec Defense Solutions  \n\nThis communication consists of a non-binding offer that upon acceptance may be immediately terminated by either party without any given notice. All operations are conducted at the contractor’s own personal risk and must adhere to system law where applicable.
InterSec_ResourceGathering_Cryopods_Title	Recover Vanduul Corpses		
InterSec_ResourceGathering_Tech_Title	Recover Vanduul Tech		
InterSec_SecurityPatrol_H_Title_001	Patrol Dangerous Sector	InterSec_SecurityPatrol_H_Desc_001	MISSION SPECS\n\nArea of Operation: Nyx System\nHostile Forces: Outlaws\nEquipment Specs: Combat-rated Ships\nBriefing: InterSec has received intelligence that outlaws are planning to launch an attack on a target within the UEE. In an effort to prevent this from happening, we need a contractor to patrol a sector we believe these outlaws are using to prepare for their attack.\n\nOutlaw activity in this sector is higher than normal, so InterSec recommends that you <EM4>bring backup</EM4>. When ready, dispatch to the <EM4>location marker</EM4> on your HUD and scan the waypoints along the route. Once you've confirmed that the entire sector is clear, the main contractor will receive a bonus of <EM4>~mission(ScripAmount) MG Scrip.</EM4> \n\nRespectfully,\n\nDeacon Tobin\nOperations Manager\nInterSec Defense Solutions\n\nThis communication consists of a non-binding offer that upon acceptance may be immediately terminated by either party without any given notice. All operations are conducted at the contractor’s own personal risk and must adhere to system law where applicable.
InterSec_SecurityPatrol_S_Title_001	Patrol Vanduul Hunting Ground	InterSec_SecurityPatrol_S_Desc_001	MISSION SPECS\n\nArea of Operation: Nyx System\nHostile Forces: Vanduul\nEquipment Specs: Combat-rated Ships\nBriefing: There's a growing concern that Vanduul hunting parties are pushing further into Nyx. The first line of defense against this encroachment is increased patrols. InterSec has identified a sector that has seen an uptick in Vanduul activity and are looking for someone to patrol the region and provide an update on it.\n\nYou'll begin your patrol at a <EM4>location marker</EM4> sent to your HUD and then scan a series of waypoints along a designated route. The Vanduul ships in this sector are highly skilled and aggressive, so InterSec highly recommends that you <EM4>bring several combat-ready ships along as backup</EM4>.\n\nInterSec understands the immense danger you'll be under on this patrol, so we'll send a special bonus of <EM4>~mission(ScripAmount) MG Scrip</EM4> to the main contractor once the sector is clear.      \n\nRespectfully,\n\nDeacon Tobin\nOperations Manager\nInterSec Defense Solutions\n\nThis communication consists of a non-binding offer that upon acceptance may be immediately terminated by either party without any given notice. All operations are conducted at the contractor’s own personal risk and must adhere to system law where applicable.
InterSec_SecurityPatrol_VH_Title_001	Patrol to Prevent Possible Attack	InterSec_SecurityPatrol_VH_Desc_001	
Intersec_TSG_Assist_Solo_Title_001	Assist People's Alliance Vessel Tranquility	Intersec_TSG_Assist_Solo_Desc_001	MISSION SPECS\n\nArea of Operation: Nyx System \nHostile Forces: Vanduul\nEquipment Specs: Combat Ready\nBriefing: \nAn Idris-class People's Alliance security vessel named Tranquility is currently engaged with a <EM>Vanduul capital ship</EM4> near an old <EM4>QV Extraction station</EM4> and Intersec is looking for combat pilots to lend some support.\n\nScramble to the AO and <EM4>engage Vanduul fighters so the Tranquility can focus on the capital ship</EM4>. \n\nGood luck,   \n\nDeacon Tobin \nOperations Manager \nInterSec Defense Solutions  \n\nThis communication consists of confidential information solely intended for the recipient. Please disregard if received in error and notify the sender. All operations are conducted at the contractor’s own personal risk and must adhere to UEE and system law where applicable.
Intersec_TSG_BombRun_Solo_Title_001	Strategic Bombing	Intersec_TSG_BombRun_Solo_Desc_001	MISSION SPECS\n\nArea of Operation: Nyx System \nHostile Forces: Shattered Blade\nEquipment Specs: Combat Ships w/Ordnance\nBriefing: \nLocal assets have indicated that Shattered Blade elements are attempting to rebuild one of their stations and Intersec is looking for a pilot to make sure that doesn't happen.\n\nThey've managed to get basic turret defenses back online but currently only have <EM4>two power relays activated</EM4>. These will be your targets as they <EM4>cannot be destroyed by energy weapons, you will need to bring ballistic or ordnance to be effective</EM4>. \n\nReactivation of this station will allow the Shattered Blade to try and reclaim a foothold in this system and we can't let that happen.\n\nGood luck,   \n\nDeacon Tobin \nOperations Manager \nInterSec Defense Solutions  \n\nThis communication consists of confidential information solely intended for the recipient. Please disregard if received in error and notify the sender. All operations are conducted at the contractor’s own personal risk and must adhere to UEE and system law where applicable.
Intersec_TSG_CollectData_Title_001	Retrieve Vanduul Data	Intersec_TSG_CollectData_Desc_001	MISSION SPECS\n\nArea of Operation: Nyx System \nHostile Forces: Vanduul\nEquipment Specs: N/A\nBriefing: \nCaptain Martel from the People's Alliance vessel Tranquility reached out to say that they had conscripted you to retrieve data drives from the destroyed Vanduul capital ship.\n\nBe careful in the extraction of the said drives and deliver them to the People's Alliance for analysis once completed.\n\nRespectfully,   \n\nDeacon Tobin \nOperations Manager \nInterSec Defense Solutions  \n\nThis communication consists of confidential information solely intended for the recipient. Please disregard if received in error and notify the sender. All operations are conducted at the contractor’s own personal risk and must adhere to UEE and system law where applicable.
Intersec_TSG_EscortShip_Solo_Title_001	Extraction Mission	Intersec_TSG_EscortShip_Solo_Desc_001	MISSION SPECS\n\nArea of Operation: Nyx System \nHostile Forces: Shattered Blade\nEquipment Specs: Combat Ready\nBriefing: \nIntersec has intercepted chatter from Shattered Blade channels that they've captured a People's Alliance security pilot in an old extraction station that they control.\n\nWe need an experienced combat pilot to provide combat assistance so the pilot can escape. The airspace outside the hangar is swarming with hostiles, so you will <EM4>need to clear the airspace so the pilot can launch and QT safely</EM4>.\n\nRespectfully,   \n\nDeacon Tobin \nOperations Manager \nInterSec Defense Solutions  \n\nThis communication consists of confidential information solely intended for the recipient. Please disregard if received in error and notify the sender. All operations are conducted at the contractor’s own personal risk and must adhere to UEE and system law where applicable.
Intersec_TSG_Group_Title_001	Tactical Strike Group Needed	Intersec_TSG_Group_Desc_001	MISSION SPECS\n\nArea of Operation: Nyx System \nHostile Forces: Shattered Blade\nEquipment Specs: Strike Group\nBriefing: \nWe've received word that a People's Alliance security ship called Tranquility stumbled across  Shattered Blade hiding out in an old QV Extraction station. Details are sketchy but will connect you with local assets once on site. \n\nIntersec is looking for a team to intervene and protect the Tranquility and their personnel. Based on discussions with the Tranquility's captain, you will <EM4>need  ballistic and ordnance to break down the defenses of the station</EM4> and ultimately <EM4>get boots on the ground to save their pilot</EM4>.\n\n<EM4>Recruiting additional ships</EM4> to support you in this mission is absolutely critical. You will <EM4>need a variety of ship types</EM4> to balance multiple combat zones in space and on the ground.\n\nRespectfully,   \n\nDeacon Tobin \nOperations Manager \nInterSec Defense Solutions  \n\nThis communication consists of confidential information solely intended for the recipient. Please disregard if received in error and notify the sender. All operations are conducted at the contractor’s own personal risk and must adhere to UEE and system law where applicable.
Intersec_TSG_WeakenDef_Solo_Title_001	Tactical Bombing Op	Intersec_TSG_WeakenDef_Solo_Desc_001	MISSION SPECS\n\nArea of Operation: Nyx System \nHostile Forces: Shattered Blade\nEquipment Specs: Combat Ships w/Ordnance\nBriefing: \nRegional analysis indicates that there is a suspected Shattered Blade hideout in an old QV Extraction station and Intersec is looking for a pilot to launch an attack against the station's power infrastructure.\n\nThis will be a multi-tiered assault, requiring you to target and destroy station components on the exterior and interior. From previous operations, we've learned that <EM4>certain components cannot be destroyed by energy weapons, so ballistic or ordnance will be needed</EM4>. Parts of the station have historically been flooded with <EM4>heavy distortion energy, so you will need to act efficiently while inside</EM4>.\n\nThese attacks are all an effort to allow you to<EM4>destroy the now-exposed power core at the center</EM4>.\n\nThe loss of this station will greatly impact the gang's ability to operate in the system and so has been deemed a high priority.\n\nGood luck,   \n\nDeacon Tobin \nOperations Manager \nInterSec Defense Solutions  \n\nThis communication consists of confidential information solely intended for the recipient. Please disregard if received in error and notify the sender. All operations are conducted at the contractor’s own personal risk and must adhere to UEE and system law where applicable.
Jumptown2_Criminal_MBroker_name	Ripe for the Taking	Jumptown2_Criminal_MBroker_desc	Got some good news for you. As we speak, there’s an automated facility that is churning out package after package of primo product that’s pretty much ripe for the taking.\n\nAll you have to do is swoop down there, deal with a thug or two, grab whatever you can, and sell it for a huge profit. Shouldn’t be a problem at all. And there are plenty of people around who would pay good creds to take product like that off your hands.\n\nSpeaking of credits, I’m not gonna just give out the coordinates of this facility out of the kindness of my heart. I think it’s only fair to ask a finder’s fee for info this good.\n\nI wouldn’t wait too long. Not sure how long the site will be left running.\n\n-Ruto\n
Jumptown2_Lawful_MBroker_name_BlacJac	Confiscate Contraband	Jumptown2_Lawful_MBroker_desc_BlacJac	ATTN: Verified Mercenary Operators\n\nWe’ve been able to trace a recent surge of contraband to an automated production facility at ~mission(Location|Address). We can’t be sure how much longer the site will be up and running, so BlacJac needs someone on site to sweep through, secure the contraband, and transport it to us at ~mission(Destination|Address). Once there, you can use the administrative commodity terminal to transfer the contraband to us and collect your reward.\n\nWe haven’t been able to determine what kind of hostile force will be present, but whatever you encounter, you’re authorized to use lethal force as necessary. \n\nThe more contraband you manage to bring to us, the more credits you’ll earn.\n\nThanks,\nLt. Aaron Riegert\n\nPrivate Contract Supervisor\nBlacJac Security, "Protection Provided"\n
Jumptown2_Lawful_MBroker_name_CruSec	Confiscate Contraband	Jumptown2_Lawful_MBroker_desc_CruSec	Crusader Security has learned that an illegal production facility at ~mission(Location|Address) is currently being used to manufacture contraband. \n\nWe are seeking a contractor to secure the site, confiscate any contraband, and deliver it to us at ~mission(Destination|Address). The administrative commodity terminal will allow you to submit the contraband into our evidence hold and collect your payment.\n\nNow, this is an automated facility so it’s not clear how long they’ll be manufacturing for, or even how many people may be on site. To be safe, I would go in expecting to meet heavy resistance.\n\nYour total compensation will be based on how packages are safely delivered into evidence.\n\nCONTRACT AUTHORIZED BY:\nLiaison Officer Vanzant\nID# 712L921P\n
Jumptown2_Lawful_MBroker_name_Hurston	Confiscate Contraband	Jumptown2_Lawful_MBroker_desc_Hurston	HURSTON DYNAMICS\nOUTSOURCING DEPARTMENT\n\nCONTRACT: Confiscate Contraband\nCONTRACTOR AFFILIATION: Independent\nOUTSOURCE MANAGER: T. Odington\nRISK ASSESSMENT: High\nRUSH CONTRACT: No\n\nHurston Security has learned of an active, illegal automated production facility at ~mission(Location|Address) and is seeking a contractor to secure the site and confiscate as many packages of contraband as possible for delivery to a Hurston Security facility ~mission(Destination|Address) for immediate disposal. Transfer of the contraband and attribution of your reward payment should be done through the administrative commodity terminal there.\n\nYou are authorized to use any force necessary to complete your objective. Payment will be based on the amount of contraband secured. \n\n\n\n\n** The information transmitted may contain confidential and/or privileged material. Any review, retransmission, dissemination, or other use of or taking action in reliance upon this information by persons or entities other than the intended recipient is prohibited. **\n
Jumptown2_Lawful_MBroker_name_MicroTech	Confiscate Contraband	Jumptown2_Lawful_MBroker_desc_MicroTech	ABOUT THE JOB\nmicroTech Protection Services is looking for a detail-oriented security professional who can assist us in securing contraband from an illegal automated production site at ~mission(Location|Address). The packages will then need to be taken to ~mission(Destination|Address) and transferred into our possession for destruction via the administrative commodity terminal. \n\nRESPONSIBILITIES\n• Provide own transportation to ~mission(Location|Address).\n• Manage any hostiles found within the site; using force as necessary.\n• Secure contraband and deliver it the commodity terminals at ~mission(Destination|Address)\n\nMINIMUM QUALIFICATIONS\n• 2 years of combined mercenary and/or security experience.\n• Access to combat equipment and mode of transport.\n• Available for immediate deployment.\n\nPREFERRED QUALIFICATIONS\n• Experience with rapid hostility de-escalation techniques.\n
Kaboos_Intro_Title	Vanduul-Tech Smugglers		
Kaboos_Mission_Title	Retrieve Additional Smuggler Intel		
LingFamily_HaulCargo_AToB_Intro_title	Cargo Hauling Opportunity with Ling Hauling		
LingFamily_HaulCargo_AToB_title	Ling Family ~mission(ReputationRank) Cargo Haul - ~mission(CargoGradeToken) Scale		
LingFamily_HaulCargo_MultiToSingle_title	Ling Family ~mission(ReputationRank) Cargo Haul - ~mission(CargoGradeToken) Scale		
LingFamily_LocalDelivery_title_01	Ling Family Local Delivery Route	LingFamily_LocalDelivery_desc_01	Hi,\n\nI hope you're available to do a delivery. ~mission(Contractor|Family)\n\nPACKAGE FOR PICK UP\n     · Package <EM4>#~mission(Item1|SerialNumber)</EM4> from <EM4>~mission(Pickup1|Address)</EM4>\n\nDROP OFF LOCATION\n     · Package <EM4>#~mission(Item1|SerialNumber)</EM4> to <EM4>~mission(Dropoff1|Address)</EM4>\n\nLet me know if you can do it. \n\nLast thing, it'd probably be a good idea to bring a <EM4>handheld tractor beam</EM4> with. \n\nThanks, \nConni Ling\nShipment Coordinator\nLing Family Hauling
LingFamily_LocalDelivery_title_intro	Ling Family Seeking New Contractors	LingFamily_LocalDelivery_desc_intro	Hi,\n\nWe're a small family owned and operated delivery company that's currently seeking new contractors in the Crusader area. \n\nIf you're interested in working with us, the following delivery would be a great trial to see if you're a good match for the company.\n\nPACKAGE FOR PICK UP\n     · Package <EM4>#~mission(Item1|SerialNumber)</EM4> from <EM4>~mission(Pickup1|Address)</EM4>\n\nDROP OFF LOCATION\n     · Package <EM4>#~mission(Item1|SerialNumber)</EM4> to <EM4>~mission(Dropoff1|Address)</EM4>\n\nIf all goes well, you'll become the newest member of Ling Family Hauling.\n\nLast thing, it'd probably be a good idea to bring a <EM4>handheld tractor beam</EM4> with. \n\nThanks, \nConni Ling\nShipment Coordinator\nLing Family Hauling
LingFamily_LocalDelivery_title_rehire	Ling Contractor Re-evaluation	LingFamily_LocalDelivery_desc_rehire	Hello,\n\nI'm not thrilled to have to do this, but we have a shortage of contractors and more deliveries than ever. I'm willing to give you another shot, but you need to complete the following delivery.  \n\nPACKAGES FOR PICK UP (ANY ORDER)\n     · Package <EM4>#~mission(Item1|SerialNumber)</EM4> from the <EM4>~mission(Pickup1|Address)</EM4>\n     · Package <EM4>#~mission(Item2|SerialNumber)</EM4> from the <EM4>~mission(Pickup2|Address)</EM4>\n     · Package <EM4>#~mission(Item3|SerialNumber)</EM4> from the <EM4>~mission(Pickup3|Address)</EM4>\n\nDROP OFF LOCATIONS (ANY ORDER)\n     · Package <EM4>#~mission(Item1|SerialNumber)</EM4> to the <EM4>~mission(Dropoff1|Address)</EM4>\n     · Package <EM4>#~mission(Item2|SerialNumber)</EM4> to the <EM4>~mission(Dropoff2|Address)</EM4>\n     · Package <EM4>#~mission(Item3|SerialNumber)</EM4> to the <EM4>~mission(Dropoff3|Address)</EM4>\n\nLast thing, it'd probably be a good idea to bring a <EM4>handheld tractor beam</EM4> with. \n\nThanks, \nConni Ling\nShipment Coordinator\nLing Family Hauling
LingFamily_UGF_collect_title_001	Package Delivery for Ling	LingFamily_UGF_collect_desc_001	Hey,\n\nWe need you to grab a delivery for us over at <EM4>~mission(Location|Address)</EM4> and then take it to <EM4>~mission(Destination|Address)</EM4>.\n\nI was originally going to send my brother Ricki to handle this, but he said the area’s too dangerous. Guess there’s been a bunch of security warnings around there, but as long as you’re careful and bring some guns or whatever, I’m sure you’ll be fine. You probably won’t even run into anything. \n\nThanks, \nConni Ling\nShipment Coordinator\nLing Family Hauling\n
LOC_PLACEHOLDER	<= PLACEHOLDER =>		
meet_miles_lg_title	Eckhart Security Job Op	meet_miles_lg_desc	~mission(Description)
mg_klim_localdelivery_drugprod_title_001	Production Oversight	LocalDelivery_DrugProd_desc_01	~mission(Contractor|LocalDeliveryDrugProdDesc)
mg_klim_localdelivery_drugprod_title_intro	A Batch from Scratch	mg_klim_localdelivery_drugprod_desc_intro	Normally, I like to cook everything from scratch myself. Pride in product and all. But every once in a while, whether it's too much demand or too much heat or whatever, I need to rely on other labs for an order. \n\nMy hands are tied up here though, so I could use someone to help oversee the whole production line for me. Couldn't think of anyone better and more available than you.\n\n~mission(Itinerary)\n\nJust don't get distracted in the middle and wander off. It happens more often than you'd think. Manage to finish the full list, and I'll see to it you get nice cut of the profits.\n\n-Wallace\n
mg_miles_capturegang_title_001	Capture Arlington Gang Member Les Arlington	mg_miles_capturegang_desc_001	ECKHART SECURITY, LLC.\nCONTRACTS & DISPATCH\n\nCONTRACT TYPE: Group Warrant\nCONTRACTOR STATUS: Independent\nApproval code: = ~mission(Contractor|ApprovalCode)\n\nFOR IMMEDIATE PROCESSING\n\n*********\n__Background Information__\nA group warrant has been issued for the notorious Arlington ship jacking gang after their recent brazen attempted theft of an Idris from a repair yard. While the heist was stopped, the members of the group have scattered to the black. Eckhart Security has been granted the bounty for the immediate capture of all high-level gang members: Maltrox Arlington, Kass Dent, Nicks Cantwell,  Sam ‘Weepy’ Arlington, Oslo Arlington, and Les Arlington.\n*********\n\nAn anonymous comm has tipped us off that Les Arlington, child of gang leader Maltrox Arlington, had been spotted picking up a delivery at a Covalex transfer center. We will provide you with the coordinates of where we believe their current whereabouts are.\n\nLes is an experienced pilot who has been flying for almost as long as they’ve been walking and usually serves as the gang’s get-away pilot. It may be worthwhile to bring extra support ships in order to cut off any attempts at escape.\n\nYou are authorized to use whatever force is necessary to neutralize the target. \n\nPayment will be issued upon successful completion of contract.\n\nThis contract is non-negotiable.\n\nThis message may contain confidential, proprietary, privileged and/or private information. The information is intended to be for the use of the individual or entity designated above.
mg_miles_capturegang_title_002	Capture Arlington Gang Member Nicks Cantwell	mg_miles_capturegang_desc_002	ECKHART SECURITY, LLC.\nCONTRACTS & DISPATCH\n\nCONTRACT TYPE: Group Warrant\nCONTRACTOR STATUS: Independent\nApproval code: = ~mission(Contractor|ApprovalCode)\n\nFOR IMMEDIATE PROCESSING\n\n*********\n__Background Information__\nA group warrant has been issued for the notorious Arlington ship jacking gang after their recent brazen attempted theft of an Idris from a repair yard. While the heist was stopped, the members of the group have scattered to the black. Eckhart Security has been granted the bounty for the immediate capture of all high-level gang members: Maltrox Arlington, Kass Dent, Nicks Cantwell, Sam ‘Weepy’ Arlington, Oslo Arlington, and Les Arlington.\n*********\n\nWe have received word that Nicks Cantwell, long-time acquaintance and confident of Maltrox Arlington, was spotted trying to purchase a high-density mining laser, the kind frequently used in past ship-jacking attempts to strategically breach hulls. We have provided coordinates for Nicks’ last known location.  \n\nNicks is a highly regarded munitions expert among criminal circles and often leaves a path of destruction in his wake. It is advised to bring an increased level of firepower to this encounter.\n\nYou are authorized to use whatever force is necessary to neutralize the target. \n\nPayment will be issued upon successful completion of contract.\n\nThis contract is non-negotiable.\n\nThis message may contain confidential, proprietary, privileged and/or private information. The information is intended to be for the use of the individual or entity designated above.
mg_miles_capturegang_title_003	Capture Arlington Gang Member Sam ‘Weepy’ Arlington	mg_miles_capturegang_desc_003	ECKHART SECURITY, LLC.\nCONTRACTS & DISPATCH\n\nCONTRACT TYPE: Group Warrant\nCONTRACTOR STATUS: Independent\nApproval code: = ~mission(Contractor|ApprovalCode)\n\nFOR IMMEDIATE PROCESSING\n\n*********\n__Background Information__\nA group warrant has been issued for the notorious Arlington ship jacking gang after their recent brazen attempted theft of an Idris from a repair yard. While the heist was stopped, the members of the group have scattered to the black. Eckhart Security has been granted the bounty for the immediate capture of all high-level gang members: Maltrox Arlington, Kass Dent, Nicks Cantwell, Sam ‘Weepy’ Arlington, Oslo Arlington, and Les Arlington.\n*********\n\nSam ‘Weepy’ Arlington was flagged by automated security systems at an R&R after being involved in a drunken brawl. Weepy was able to clear the station before response teams arrived, but we have been able to track him down to where we currently think he’s holed up.\n\nWeepy is gang leader Maltrox Arlington’s uncle and main enforcer. His anger issues combined with a long history of substance abuse make him a true wildcard. Expect him to put up significant resistance when cornered by you and your mustered forces.\n\nYou are authorized to use whatever force is necessary to neutralize the target. \n\nPayment will be issued upon successful completion of contract.\n\nThis contract is non-negotiable.\n\nThis message may contain confidential, proprietary, privileged and/or private information. The information is intended to be for the use of the individual or entity designated above.
mg_miles_capturegang_title_004	Capture Arlington Gang Member Oslo Arlington	mg_miles_capturegang_desc_004	ECKHART SECURITY, LLC.\nCONTRACTS & DISPATCH\n\nCONTRACT TYPE: Group Warrant\nCONTRACTOR STATUS: Independent\nApproval code: = ~mission(Contractor|ApprovalCode)\n\nFOR IMMEDIATE PROCESSING\n\n*********\n__Background Information__\nA group warrant has been issued for the notorious Arlington ship jacking gang after their recent brazen attempted theft of an Idris from a repair yard. While the heist was stopped, the members of the group have scattered to the black. Eckhart Security has been granted the bounty for the immediate capture of all high-level gang members: Maltrox Arlington, Kass Dent, Nicks Cantwell, Sam ‘Weepy’ Arlington, Oslo Arlington, and Les Arlington.\n*********\n\nRecently a security terminal was illegally accessed using a unique custom cryptokey that had been utilized in a heist last year by one Oslo Arlington, the younger sibling of gang leader Maltrox Arlington. While we we’re unable to positively confirm if the terminal was hacked by Oslo or not, we feel it is worth investigating.\n\nExtremely intelligent, tech savvy and a renowned strategist, Oslo has proven difficult to capture in the past. If this lead does result in finding Oslo, a well coordinated tactical strike team would be advantageous to a successful engagement. \n\nYou are authorized to use whatever force is necessary to neutralize the target. \n\nPayment will be issued upon successful completion of contract.\n\nThis contract is non-negotiable.\n\nThis message may contain confidential, proprietary, privileged and/or private information. The information is intended to be for the use of the individual or entity designated above.
mg_miles_capturegang_title_005	Capture Arlington Gang Member Kass Dent	mg_miles_capturegang_desc_005	ECKHART SECURITY, LLC.\nCONTRACTS & DISPATCH\n\nCONTRACT TYPE: Group Warrant\nCONTRACTOR STATUS: Independent\nApproval code: = ~mission(Contractor|ApprovalCode)\n\nFOR IMMEDIATE PROCESSING\n\n*********\n__Background Information__\nA group warrant has been issued for the notorious Arlington ship jacking gang after their recent brazen attempted theft of an Idris from a repair yard. While the heist was stopped, the members of the group have scattered to the black. Eckhart Security has been granted the bounty for the immediate capture of all high-level gang members: Maltrox Arlington, Kass Dent, Nicks Cantwell, Sam ‘Weepy’ Arlington, Oslo Arlington, and Les Arlington.\n*********\n\nTwo bank guards were reported missing last week. A few hours ago, their bodies turned up in a trash heap in Magnus with their biometrics stolen. Thankfully, a nearby dumpling cart had a security camera that captured the corpses being dropped. Facial recognition was able to ID one Kass Dent, romantic partner to Maltrox Arlington and parent of Les Arlington. Using the vid to construct a timeline, we have provided the coordinates of where Kass is currently believed to be hiding. \n\nKass is suspected of a long list of murders, with these two only being the most recent. We recommend only bringing highly skilled wingman to try and keep the casualty count at a minimum.  \n\nYou are authorized to use whatever force is necessary to neutralize the target. \n\nPayment will be issued upon successful completion of contract.\n\nThis contract is non-negotiable.\n\nThis message may contain confidential, proprietary, privileged and/or private information. The information is intended to be for the use of the individual or entity designated above.
mg_miles_capturegang_title_006	Capture Arlington Gang Leader Maltrox Arlington	mg_miles_capturegang_desc_006	ECKHART SECURITY, LLC.\nCONTRACTS & DISPATCH\n\nCONTRACT TYPE: Group Warrant\nCONTRACTOR STATUS: Independent\nApproval code: = ~mission(Contractor|ApprovalCode)\n\nFOR IMMEDIATE PROCESSING\n\n*********\n__Background Information__\nA group warrant has been issued for the notorious Arlington ship jacking gang after their recent brazen attempted theft of an Idris from a repair yard. While the heist was stopped, the members of the group have scattered to the black. Eckhart Security has been granted the bounty for the immediate capture of all high-level gang members: Maltrox Arlington, Kass Dent, Nicks Cantwell, Sam ‘Weepy’ Arlington, Oslo Arlington, and Les Arlington.\n*********\n\nMaltrox Arlington has been keeping a low profile recently, but we think he's come out of hiding. A patrol was refueling at a station when one of their ships was boosted. Maltrox is the most likely suspect. While the regtag was temporarily deactivated, we have been able to trace the ship’s quantum signature and have provided you those coordinates.\n\nA third generation criminal, the Arlington gang has been under Maltrox’s leadership for the past six years. Be aware, this is a smart, aggressive, and very dangerous target. The more resources you can bring to bear, the more likely it is that we can bring Maltrox in one and for all. \n\nYou are authorized to use whatever force is necessary to neutralize the target. \n\nPayment will be issued upon successful completion of contract.\n\nThis contract is non-negotiable.\n\nThis message may contain confidential, proprietary, privileged and/or private information. The information is intended to be for the use of the individual or entity designated above.
mg_miles_capturegang_title_idris	Idris Stolen By Arlington Gang	mg_miles_capturegang_desc_idris	ECKHART SECURITY, LLC.\nCONTRACTS & DISPATCH\n\nCONTRACT TYPE: Group Warrant\nCONTRACTOR STATUS: Independent\nApproval code: = ~mission(Contractor|ApprovalCode)\n\nFOR IMMEDIATE PROCESSING\n\nIt appears that second time's the charm for the Arlington gang. After one failed attempt, the recently escaped criminal family has managed to boost an Idris from a repair yard. Now we know what the mining laser and biometrics they stole were for. \n\nSince we had such success capturing them the first time, Eckhart Security has been granted the warrant for the gang’s arrest. This is going to take considerable firepower to bring down a capital ship of this ability.\n\nYou are authorized to use whatever force is necessary to track down the Idris and neutralize the gang.\n\nPayment will be issued upon successful completion of contract and will be adjusted based on the final evaluation of you and your team's combat effectiveness rating. \n\nThis contract is non-negotiable.\n\nThis message may contain confidential, proprietary, privileged and/or private information. The information is intended to be for the use of the individual or entity designated above.
mg_miles_groupbounty_title_001	Group Warrant Issued	mg_miles_groupbounty_desc_001	CONTRACT TYPE: Group Warrant\nCONTRACTOR STATUS: Independent\nApproval code: = ~mission(Contractor|ApprovalCode)\n\nFOR IMMEDIATE PROCESSING\n\nIn relation to a jointly committed crime, a group warrant has been issued for:\n     ~mission(Target1)\n     ~mission(Target2)\n     ~mission(Target3)\n\nIt is currently believed that they are no longer traveling together in order to evade capture, and may soon flee the system.  You should strongly consider recruiting additional help in order to execute all the warrants in the limited time frame. \n\nYou are authorized to use whatever force is necessary to neutralize the targets. \n\nPayment will be issued upon successful completion of contract when all targets have been dealt with in the allotted time.\n\nThis contract is non-negotiable.\n\nThis message may contain confidential, proprietary, privileged and/or private information. The information is intended to be for the use of the individual or entity designated above.
mg_ruto_clearcrimestat_norep_title_01	need an out?	mg_ruto_clearcrimestat_norep_desc_01	Hi there. We haven’t had a chance to work together yet but I’m in a bit of a bind here and I could use another body. Not for nothing, of course. I’m all for a good quid pro quo.\n\nOne of my associates who was serving some time in Klescher was supposed to bring me a datachip, but then they went quiet. Now I’m assuming they’re dead, but here’s the deal: if you finish his job, I wipe your crimestat. Not bad, right?\n\nYour predecessor was apparently planning on using some old tunnels to make his escape. He made it sound like they weren't exactly the easiest thing to access, but I trust you can figure it out. I'm guessing you'll find his body somewhere in there and if we’re lucky, he'll still have the chip on him.\n\nOnce you get it, finish getting out however you can. Then get the data to me. There’s a spot nearby you can upload the chip’s contents. You might want to watch out for Hurston Security, though. They've been a hassle lately, so I wouldn't be surprised if you ran into them. After I get the data and validate it, I’ll wipe your crimestat. \n\nThen you can go and enjoy your newfound freedom. If you do this right, maybe I’ll have more lucrative work for you down the line.
mg_ruto_clearcrimestat_rep_title_01	let's help each other	mg_ruto_clearcrimestat_rep_desc_01	Hey there. I heard you ended up in Klescher which is a real drag. But it might actually be a lucky day for both of us.\n\nLong story short, I had somebody sneaking a datachip out of the prison, but they never got back to me. I know for a fact they haven’t left the facility, so I think something might have happened to them. While tragic, business must carry on. If you can get the chip and finish the job, I can clear your crimestat for you. What do you say?\n\nOf course, I don't know exactly how far they got, but I can tell you that the prison's got a whole network of hidden tunnels my guy was planning on using to make his escape. My guess is his corpse is rotting away somewhere there.\n\nOnce you find the body, I’m hoping the chip will still be on him. When you’ve got it, finish escaping and get the data to me. There’s a spot nearby you can upload the chip’s contents. \n\nOne warning though, you might want to watch out for Hurston Security. They've been a hassle lately, so I wouldn't be surprised if you ran into them.\n\nWhen I've got the data I’ll wipe your crimestat and then, voila, you’ll be free and clear. What you do after that is entirely up to you.
mg_ruto_collect_reclaimer_title	Breach and Steal	mg_ruto_collect_reclaimer_desc	Hey there. \n\nNine Tails got themselves a little problem. As it turns out, they got a little side biz in the underground organ trade. Now that an area I generally like to steer well clear of, but a gig’s a gig, right? It seems that one of their mobile butcher shops aboard the 'October Rising' got pinched by private security while out chopping. Now the Nine Tails are willing to cut ties with the ship and its crew (who are probably all dead anyway), but they need a particular crate extracted. Guess it was a special order or something.\n\nAnyway, get aboard the October Rising, get the package, and get out.\n\nSecurity’s still hanging around so watch yourself and maybe bring some friends, but remember, your priority is the package. If you're looking to save yourself some extra hassle, you could also black out the area by shutting down the nearest comm array if you want to avoid the crimestats for, you know, killing a bunch of a security. But hey, you do you.\n\nOnce you’re out, drop the package off at the clinic on Grim HEX and I’ll sort your payment.\n\nEasy peasy,\n\nRuto
mg_ruto_RetrieveConsignment_title_001	get the goods	mg_ruto_RetrieveConsignment_desc_001	Oh hello, I recently overheard a little bit of intel that ~mission(location|address) received some confidential materials that are of great interest to an acquaintance of mine. So interesting that they’re willing to pay for someone to storm the facility, grab the goods, and deliver them to ~mission(DropOff1|address). Now I expect there to be plenty of security, who will most likely put up a fight, so I’d bring a gun or two. \n\nWord is the confidential materials were delivered in a consignment alongside other stuff and are now being stored in the facility’s automated vault. Senior security officers on-site carry datapads containing retrieval codes used to access the vault. You’ll have to get your hands on a datapad before using the package conveyor to retrieve the boxes. \n\nIf you need a little sweetener, I’ve seen the manifest and can confirm that the other crates being stored at the facility are pretty choice. My client could care less about what happens to them, so they’re yours to do as you please. Run this right and those extra crates could be a nice bonus on top of the delivery fee for you.
mg_ruto_UGF_destroy_E_title_001	limited supply	mg_ruto_UGF_destroy_E_desc_001	Seems there’s a new upstart in the sector who hasn’t been paying the right dues to the right people. To teach them a little lesson, my client wants you to go down to ~mission(Location|Address) and destroy all the drugs on site.\n\nThe low-level lugs they got on site will probably make a stink about it and try to stop you. Handle them however you want but getting rid of the product is the most important thing.\n
mg_ruto_UGF_destroy_H_title_001	inventory clear out	mg_ruto_UGF_destroy_H_desc_001	A client of mine‘s trying to negotiate a deal, but isn’t having much luck. The other party feels like they got all the leverage because they’re sitting comfortably on a pile of inventory. To help move the negotiations along, I’m gonna need you to head down to ~mission(Location|Address) and destroy all the drugs on site. \n\nNow, I should probably tell you that the site’s being protected by some very serious people, so getting to the stash is going to be a bit tricky, but I trust you’ll find a way. \n
mg_ruto_UGF_destroy_title_001	out of stock	mg_ruto_UGF_destroy_desc_001	One of my clients has been unhappy to learn that someone's been muscling in on their territory. Now rather than going down the more traditional route of killing some people and starting a whole thing, they’ve opted to send a different kind of message instead.\n\nYou’re gonna go down to ~mission(Location|Address) and destroy all the drugs on site. \n\nOf course, if someone does wanna pick a fight with you, feel free to defend yourself, but getting rid of the product is the most important thing.\n
mg_ruto_UGF_eliminateall_civsonly_title_001	too many cooks	mg_ruto_UGF_eliminateall_civsonly_desc_001	A client is getting out produced by a new competitor and is looking to throw a wrench into the works.\n\nYou’re going to head to ~mission(Location|Address) and kill all the civies who work there. \n\nDo what you want with the gun-toting goons guarding the workers, but remember that they aren’t the priority.  \n
mg_ruto_UGF_eliminateall_Lawnocivs_title_001	live and let an independent contractor deal out revenge	mg_ruto_UGF_eliminateall_Lawnocivs_desc_001	Everybody holds grudges, right? I mean, when you get popped pulling a crime, I get that you’re a little sour, but that’s pretty much the game, right? 
mg_ruto_UGF_eliminateall_nocivs_title_001	good help’s hard to find	mg_ruto_UGF_eliminateall_nocivs_desc_001	I know someone who’s looking to start up a new business, but they’re having a hard time hiring the skilled workers they need.\n\nNow the thing is, they found the perfect crew over at ~mission(Location|Address), but the people they work for won’t let them go. Even hired extra armed guards to make sure of it.\n\nWhat I want you to do, is go there and kill all the guards while making sure all the workers remain unharmed. \n
mg_ruto_UGF_eliminateall_title_001	makin’ a mess	mg_ruto_UGF_eliminateall_desc_001	This is a bit aggressive for my taste, but credits are credits, right?\n\nGot a client who's looking for a highly motivated individual to head over to ~mission(Location|Address) and kill everyone who’s there. \n\nBasically, start shooting and don’t stop. You'll get paid once the site's clear.\n
mg_ruto_UGF_steal_title_001	grab and go	mg_ruto_UGF_steal_desc_001	This one should be a ringer for somebody like you. There’s a package being held at ~mission(Location|Address) and I need you to bring it to ~mission(Destination|Address). \n\nThere's one super tiny issue that you should know about. There’s gonna be a crap ton of security down there. But I'm sure it should be fine.\n\n:)
mgClovus_opensalvage_title_001	In the Wake of Disaster	mgClovus_opensalvage_desc_001	Fortune has shined upon us once again. I’ve just learned of a battle near ~mission(Location) that’s just transpired far from the prying eyes of any meddlesome comm arrays, and reinforcements from either of the forces involved have yet to be dispatched. This means that there is a window of opportunity for an enterprising soul to pick the graveyard clean.\n \nI’d like to extend this opportunity to all my trusted contacts. Any and all interested parties can have the location… for the right price. Coordinates will be provided once you accept the contract and will remain available until you choose to terminate it.\n\nOf course, speed will be of the essence as you will not only face potential competition from other salvagers, but also the looming possibility of reinforcements arriving to survey the battlefield. \n\nIf you’re still hesitating, just remember, fortune favors the bold.\n\n-cd 
mtps_bounty_fps_title_001	Active Bounty: ~mission(TargetName) (MRT)	mtps_bounty_fps_UGF_nocivs_desc_001	ABOUT THE JOB\nmicroTech Protection Services is looking for a qualified bounty hunter to assist in the apprehension of ~mission(TargetName) from ~mission(Location|Address). We are aware that there may be civilians on site, so please be mindful of possible crossfire.\n\nRESPONSIBILITIES\n• Provide own transportation to ~mission(Location|Address).\n• Neutralize ~mission(TargetName); using force as necessary.\n• Ensure no civilian casualties.\n\nMINIMUM QUALIFICATIONS\n• Bounty Hunters Guild membership and appropriate certification.\n• Access to combat equipment and mode of transport.\n• Available for immediate deployment.\n\nPREFERRED QUALIFICATIONS\n• Ability to handle high pressure situations.\n
mtps_bounty_fps_title_first_001	Active Bounty Evaluation 	mtps_bounty_fps_desc_first_001	ABOUT THE JOB\nmicroTech Protection Services is in need of new qualified bounty hunters to expand our existing roster. To evaluate your skills, we would like you to assist us in the apprehension of ~mission(TargetName) from ~mission(Location|Address).\n\nWhile there will be other criminals at the site, your main focus should be on completing the bounty.\n\nRESPONSIBILITIES\n• Provide own transportation to ~mission(Location|Address).\n• Neutralize ~mission(TargetName); using force as necessary.\n\nMINIMUM QUALIFICATIONS\n• Bounty Hunters Guild membership and appropriate certification.\n• Access to combat equipment and mode of transport.\n• Available for immediate deployment.\n\nPREFERRED QUALIFICATIONS\n• Ability to handle high pressure situations.\n
mtps_bounty_fps_title_rehire_001	Active Bounty Reevaluation 	mtps_bounty_fps_desc_rehire_001	ABOUT THE JOB\nWhile your past performance has not been to our standards, microTech Protection Services has decided to offer you a chance to redeem yourself. \n\nTo reevaluate your skills, we would like you to apprehend ~mission(TargetName) from ~mission(Location|Address).\n\nWhile there will be other criminals at the site, your main focus should be on completing the bounty.\n\nRESPONSIBILITIES\n• Provide own transportation to ~mission(Location|Address).\n• Neutralize ~mission(TargetName); using force as necessary.\n\nMINIMUM QUALIFICATIONS\n• Bounty Hunters Guild membership and appropriate certification.\n• Access to combat equipment and mode of transport.\n• Available for immediate deployment.\n\nPREFERRED QUALIFICATIONS\n• Ability to handle high pressure situations.\n
mtps_bounty_title_ERT	Active Bounty: ~mission(TargetName) (ERT)	mtps_bounty_desc_ERT	ABOUT THE JOB\nmicroTech Protection Services is looking for a qualified bounty hunter to apprehend the extreme-risk target ~mission(TargetName) from ~mission(Location|Address). \n\nAn extreme-risk target typically pilots a sub-capital class vessel, has several heavily-armed allies, and is expected to be very difficult to apprehend. It may be useful to bring along support staff to assist with engaging this target.\n\nRESPONSIBILITIES\n• Provide own transportation to ~mission(Location|Address).\n• Neutralize ~mission(TargetName); using force as necessary.\n\nMINIMUM QUALIFICATIONS\n• Bounty Hunters Guild membership and appropriate certification.\n• Access to vehicle suitably outfitted for combat.\n• Available for immediate deployment.\n\nPREFERRED QUALIFICATIONS\n• Ability to handle high pressure situations.\n
mtps_bounty_title_HRT	Active Bounty: ~mission(TargetName) (HRT)	mtps_bounty_desc_HRT	ABOUT THE JOB\nmicroTech Protection Services is looking for a qualified bounty hunter to apprehend the high-risk target ~mission(TargetName) from ~mission(Location|Address). \n\nA high-risk target typically pilots a large multicrew vessel, has several known allies, and is expected to be difficult to apprehend. It may be useful to bring along support staff to assist with engaging this target.\n\nRESPONSIBILITIES\n• Provide own transportation to ~mission(Location|Address).\n• Neutralize ~mission(TargetName); using force as necessary.\n\nMINIMUM QUALIFICATIONS\n• Bounty Hunters Guild membership and appropriate certification.\n• Access to vehicle suitably outfitted for combat.\n• Available for immediate deployment.\n\nPREFERRED QUALIFICATIONS\n• Ability to handle high pressure situations.\n
mtps_bounty_title_intro	Active Bounty Evaluation	mtps_bounty_desc_intro	ABOUT THE JOB\nmicroTech Protection Services is in need of new qualified bounty hunters to expand our existing roster. To evaluate your skills, we would like you to assist us in the apprehension of ~mission(TargetName) from ~mission(Location|Address).\n\n\nRESPONSIBILITIES\n• Provide own transportation to ~mission(Location|Address).\n• Neutralize ~mission(TargetName); using force as necessary.\n\nMINIMUM QUALIFICATIONS\n• Bounty Hunters Guild membership and appropriate certification.\n• Access to vehicle suitably outfitted for combat.\n• Available for immediate deployment.\n\nPREFERRED QUALIFICATIONS\n• Ability to handle high pressure situations.\n
mtps_bounty_title_LRT	Active Bounty: ~mission(TargetName) (LRT)	mtps_bounty_desc_LRT	ABOUT THE JOB\nmicroTech Protection Services is looking for a qualified bounty hunter to apprehend the low-risk target ~mission(TargetName) from ~mission(Location|Address). \n\nA low-risk target typically pilots a single seater craft, has several known allies, and should be straightforward to apprehend.\n\nRESPONSIBILITIES\n• Provide own transportation to ~mission(Location|Address).\n• Neutralize ~mission(TargetName); using force as necessary.\n\nMINIMUM QUALIFICATIONS\n• Bounty Hunters Guild membership and appropriate certification.\n• Access to vehicle suitably outfitted for combat.\n• Available for immediate deployment.\n\nPREFERRED QUALIFICATIONS\n• Ability to handle high pressure situations.\n
mtps_bounty_title_MRT	Active Bounty: ~mission(TargetName) (MRT)	mtps_bounty_desc_MRT	ABOUT THE JOB\nmicroTech Protection Services is looking for a qualified bounty hunter to apprehend the moderate-risk target ~mission(TargetName) from ~mission(Location|Address). \n\nA moderate-risk target typically pilots a small multicrew vessel, has several known allies, and may be slightly difficult to apprehend.\n\nRESPONSIBILITIES\n• Provide own transportation to ~mission(Location|Address).\n• Neutralize ~mission(TargetName); using force as necessary.\n\nMINIMUM QUALIFICATIONS\n• Bounty Hunters Guild membership and appropriate certification.\n• Access to vehicle suitably outfitted for combat.\n• Available for immediate deployment.\n\nPREFERRED QUALIFICATIONS\n• Ability to handle high pressure situations.\n
mtps_bounty_title_rehire	Bounty Apprehension Reevaluation	mtps_bounty_desc_rehire	ABOUT THE JOB\nWhile your past performance has not been to our standards, microTech Protection Services has decided to offer you a chance to redeem yourself. \n\nTo reevaluate your skills, we would like you to apprehend ~mission(TargetName) from ~mission(Location|Address).\n\nRESPONSIBILITIES\n• Provide own transportation to ~mission(Location|Address).\n• Neutralize ~mission(TargetName); using force as necessary.\n\nMINIMUM QUALIFICATIONS\n• Bounty Hunters Guild membership and appropriate certification.\n• Access to vehicle suitably outfitted for combat.\n• Available for immediate deployment.\n\nPREFERRED QUALIFICATIONS\n• Ability to handle high pressure situations.\n
mtps_bounty_title_VLRT	Active Bounty: ~mission(TargetName) (VLRT)	mtps_bounty_desc_VLRT	ABOUT THE JOB\nmicroTech Protection Services is looking for a qualified bounty hunter to apprehend the very low-risk target ~mission(TargetName) from ~mission(Location|Address). \n\nA very low-risk target typically pilots a single seater craft, has few known allies, and should be relatively easy to apprehend.\n\nRESPONSIBILITIES\n• Provide own transportation to ~mission(Location|Address).\n• Neutralize ~mission(TargetName); using force as necessary.\n\nMINIMUM QUALIFICATIONS\n• Bounty Hunters Guild membership and appropriate certification.\n• Access to vehicle suitably outfitted for combat.\n• Available for immediate deployment.\n\nPREFERRED QUALIFICATIONS\n• Ability to handle high pressure situations.\n
MTPS_eliminateall_dc_title_001	Remove Hostile Force	MTPS_eliminateall_dc_desc_001	ABOUT THE JOB\nmicroTech Protection Services is looking for a detail-oriented mercenary professional who can quickly and safely assist us in the complete removal of the outlaw group who have temporarily gained control of the ~mission(Location) at ~mission(Location|Address).\n\nRESPONSIBILITIES\n• Provide own transportation to ~mission(Location|Address).\n• Remove all members of the hostile outlaw force; using force as necessary. \n\nMINIMUM QUALIFICATIONS\n• 2 years of combined mercenary and security experience.\n• Access to combat equipment and mode of transport.\n• Available for immediate deployment.\n\nPREFERRED QUALIFICATIONS\n• Experience with rapid hostility de-escalation techniques.\n
MTPS_eliminateboss_dc_title_001	Apprehend Bounty: ~mission(TargetName) (HRT)	MTPS_eliminateboss_dc_desc_001	ABOUT THE JOB\nmicroTech Protection Services is looking for a qualified bounty hunter to apprehend ~mission(TargetName) who has so far been able to evade capture. They are coordinating an active raid at ~mission(Location|Address), and we believe that they may finally be lured out of hiding if their forces there attacking the ~mission(Location) are faced with strong enough resistance. \n\nRESPONSIBILITIES\n• Provide own transportation to ~mission(Location|Address).\n• Neutralize ~mission(TargetName)’s criminal associates near the ~mission(Location) to draw the target into the open.\n• Neutralize ~mission(TargetName); using force if necessary.\n\nMINIMUM QUALIFICATIONS\n• Access to combat equipment and mode of transport.\n• Available for immediate deployment.\n\nPREFERRED QUALIFICATIONS\n• Ability to handle high pressure situations.\n
MTPS_eliminateboss_multi_dc_title_001	Secure Bounty: ~mission(TargetName) (VHRT)	MTPS_eliminateboss_multi_dc_desc_001	ABOUT THE JOB\nmicroTech Protection Services is looking for a qualified bounty hunter to apprehend ~mission(TargetName) who has so far been able to evade capture. They are coordinating an active raid that has spread throughout ~mission(Location|Address).  \n\nOur hope is that you may be able to finally draw them out of hiding if you confront their forces at several different attack points. With their numbers sufficiently weakened, ~mission(TargetName|Last) will most likely risk exposure and you will be able to confront them directly.\n\nRESPONSIBILITIES\n• Provide own transportation to ~mission(Location|Address).\n•Confront ~mission(TargetName)’s criminal associates to draw the target into the open.\n• Neutralize ~mission(TargetName); using force if necessary.\n\nMINIMUM QUALIFICATIONS\n• Access to combat equipment and mode of transport.\n• Available for immediate deployment.\n\nPREFERRED QUALIFICATIONS\n• Ability to handle high pressure situations.\n
MTPS_eliminatespecific_dc_title_001	Active Bounty: ~mission(TargetName) (MRT)	MTPS_eliminatespecific_dc_desc_001	ABOUT THE JOB\nmicroTech Protection Services is looking for a qualified bounty hunter to apprehend ~mission(TargetName) from ~mission(Location|Address). They were recently spotted near the ~mission(Location) and are believed to still be in that area.\n\nWhile there may be other criminals active at the site, your main focus should be on completing the bounty.\n\nRESPONSIBILITIES\n• Provide own transportation to ~mission(Location|Address).\n• Neutralize ~mission(TargetName); using force as necessary.\n\nMINIMUM QUALIFICATIONS\n• Access to combat equipment and mode of transport.\n• Available for immediate deployment.\n\nPREFERRED QUALIFICATIONS\n• Ability to handle high pressure situations.\n
Mtps_killallcreatures_multitype_easy_title_01	Wildlife Population Adjustment	Mtps_killallcreatures_multitype__easy_desc_01	ABOUT THE JOB\nmicroTech Protection Services need a professional to eliminate several creatures of various species. This is a preventative measure to ensure their population size doesn’t increase beyond acceptable parameters.\n\nRESPONSIBILITIES\n• Provide own transportation. \n• Locate the target species on ~mission(Location).\n• Use force as necessary to eliminate the animals.\n\nMINIMUM QUALIFICATIONS\n• 1 year of relevant mercenary and/or security experience.\n• Access to combat equipment.\n• Available for immediate deployment.\n\nPREFERRED QUALIFICATIONS\n• Experience with extermination.\n\nFor more information on the animals in question, refer to "The Guide to Stanton Wildlife" in your Journal.
Mtps_killallcreatures_onetype_title_01	Wildlife Control: ~mission(Creature)	Mtps_killallcreatures_onetype_desc_01	ABOUT THE JOB\nmicroTech Protection Services need a professional to bring the number of ~mission(Creature) in the wild back to within acceptable parameters. Their population is increasing too quickly, and culling some of their numbers will help ensure the situation doesn’t spiral out of control.\n\nRESPONSIBILITIES\n• Provide own transportation.\n• Locate the ~mission(Creature) on ~mission(Location).\n• Use force as necessary to eliminate the ~mission(Creature).\n\nMINIMUM QUALIFICATIONS\n• 1 year of relevant mercenary and/or security experience.\n• Access to combat equipment.\n• Available for immediate deployment.\n\nPREFERRED QUALIFICATIONS\n• Experience with extermination\n\nFor more information on the animals in question, refer to "The Guide to Stanton Wildlife" in your Journal.
mtps_RetrieveConsignment_title_001	Defend Location and Deliver Confidential Materials	mtps_RetrieveConsignment_desc_001	ABOUT THE JOB\nmicroTech Protection Services need a security professional for a retrieval op at ~mission(Location). The location is currently under attack and security forces on-site are unresponsive and presumed dead. We believe confidential materials recently delivered to the facility for temporary holding were the target of the raid. Your main focus will be collecting those boxes and delivering them to a secure location.  \n\nFor security reasons, the confidential materials were delivered as part of a larger shipment and secured in the automated vault. The materials have unique retrieval codes that must be entered on the keypad at the package conveyor. Protocols require that only senior security officers can carry a datapad containing a code, but considering the volatile situation, we can't guarantee that the Nine Tails haven’t taken possession of them. Once secured, deliver all of the confidential materials to ~mission(dropoff1) for payment.\n\nRESPONSIBILITIES\n• Provide own transportation to ~mission(Location|address).\n• Use force as necessary to collect the confidential materials.\n• Deliver the confidential materials to ~mission(dropoff1|address).\n\nMINIMUM QUALIFICATIONS\n• 2 years of combined mercenary and/or security experience.\n• Access to combat equipment. \n• Access to a spaceship that can transport cargo.\n• Available for immediate deployment.\n\nPREFERRED QUALIFICATIONS\n• Experience with rapid hostility de-escalation techniques.\n• Experience hauling important cargo.
mtps_UGF_defend_E_title_001	Defend Location Against Minor Threats	mtps_UGF_defend_E_desc_001	ABOUT THE JOB\nmicroTech Protection Services is looking for a detail-oriented mercenary professional who can assemble a security team in order to protect ~mission(Location|Address) against any minor threats. \n\nRESPONSIBILITIES\n• Provide own transportation to ~mission(Location|Address).\n• Provide own security team to assist.\n• Protect the site against hostile threats; using force as necessary.\n\nMINIMUM QUALIFICATIONS\n• 2 years of combined mercenary and/or security experience.\n• Access to combat equipment and mode of transport.\n• Available for immediate deployment.\n\nPREFERRED QUALIFICATIONS\n• Experience with managing a team.\n
mtps_UGF_defend_title_001	Defend Location Against Moderate Threats	mtps_UGF_defend_desc_001	ABOUT THE JOB\nmicroTech Protection Services is looking for a detail-oriented mercenary professional who can assemble a security team in order to protect ~mission(Location|Address) against hostile threats. \n\nRESPONSIBILITIES\n• Provide own transportation to ~mission(Location|Address).\n• Provide own security team to assist.\n• Protect the site against hostile threats; using force as necessary.\n\nMINIMUM QUALIFICATIONS\n• 2 years of combined mercenary and/or security experience.\n• Access to combat equipment and mode of transport.\n• Available for immediate deployment.\n\nPREFERRED QUALIFICATIONS\n• Experience with managing a team.\n
mtps_UGF_defend_VH_title_001	Defend Location Against Serious Threats	mtps_UGF_defend_VH_desc_001	ABOUT THE JOB\nmicroTech Protection Services is looking for a detail-oriented mercenary professional who can assemble a security team in order to protect ~mission(Location|Address) against serious hostile threats. \n\nRESPONSIBILITIES\n• Provide own transportation to ~mission(Location|Address).\n• Provide own security team to assist.\n• Protect the site against hostile threats; using force as necessary.\n\nMINIMUM QUALIFICATIONS\n• 2 years of combined mercenary and/or security experience.\n• Access to combat equipment and mode of transport.\n• Available for immediate deployment.\n\nPREFERRED QUALIFICATIONS\n• Experience with managing a team.\n
mtps_UGF_destroy_E_title_001	Clear Site of Contraband	mtps_UGF_destroy_E_desc_001	ABOUT THE JOB\nmicroTech Protection Services is looking for a detail-oriented mercenary or security professional to report to ~mission(Location|Address) and destroy the contraband being stored there. \n\nRESPONSIBILITIES\n• Provide own transportation to ~mission(Location|Address).\n• Clear the site of contraband; using force as necessary.\n\nMINIMUM QUALIFICATIONS\n• 2 years of combined mercenary and/or security experience.\n• Access to combat equipment and mode of transport.\n• Available for immediate deployment.\n\nPREFERRED QUALIFICATIONS\n• No ongoing addiction issues.\n
mtps_UGF_destroy_H_title_001	Clear Site of Narcotics	mtps_UGF_destroy_H_desc_001	ABOUT THE JOB\nmicroTech Protection Services is looking for a detail-oriented mercenary or security professional to report to ~mission(Location|Address) and destroy the narcotics being stored there. \n\nRESPONSIBILITIES\n• Provide own transportation to ~mission(Location|Address).\n• Clear the site of narcotics; using force as necessary.\n\nMINIMUM QUALIFICATIONS\n• 2 years of combined mercenary and/or security experience.\n• Access to combat equipment and mode of transport.\n• Available for immediate deployment.\n\nPREFERRED QUALIFICATIONS\n• No ongoing addiction issues.\n
mtps_UGF_destroy_title_001	Clear Site of Drugs	mtps_UGF_destroy_desc_001	ABOUT THE JOB\nmicroTech Protection Services is looking for a detail-oriented mercenary or security professional to report to ~mission(Location|Address) and destroy the drugs being stored there. \n\nRESPONSIBILITIES\n• Provide own transportation to ~mission(Location|Address).\n• Clear the site of drugs; using force as necessary.\n\nMINIMUM QUALIFICATIONS\n• 2 years of combined mercenary and/or security experience.\n• Access to combat equipment and mode of transport.\n• Available for immediate deployment.\n\nPREFERRED QUALIFICATIONS\n• No ongoing addiction issues.\n
mtps_UGF_eliminateall_allies_title_001	Defend Occupants	mtps_UGF_eliminateall_allies_desc_001	ABOUT THE JOB\nmicroTech Protection Services is looking for a detail-oriented mercenary professional who can quickly and safely assist the security team stationed at ~mission(Location|Address) in protecting the site against hostile threats. \n\nBe aware that any friendly fire, accidental or otherwise, will not be tolerated. \n\nRESPONSIBILITIES\n• Provide own transportation to ~mission(Location|Address).\n• Help the local security team protect the site; using force as necessary.\n• Avoid any friendly fire incidents.\n\nMINIMUM QUALIFICATIONS\n• 2 years of combined mercenary and/or security experience.\n• Access to combat equipment and mode of transport.\n• Available for immediate deployment.\n\nPREFERRED QUALIFICATIONS\n• Experience with rapid hostility de-escalation techniques.\n
mtps_UGF_eliminateall_allies_title_intro	Security Contractor Evaluation	mtps_UGF_eliminateall_allies_desc_intro	ABOUT THE JOB\nmicroTech Protection Services is in need of new,  qualified, and detail-oriented security professionals to expand our existing roster. To evaluate your skills, we would like you to assist in protecting ~mission(Location|Address) against hostile threats. \n\nRESPONSIBILITIES\n• Provide own transportation to ~mission(Location|Address).\n• Help protect the site; using force as necessary.\n• Avoid any friendly fire incidents.\n\nMINIMUM QUALIFICATIONS\n• 2 years of combined mercenary and/or security experience.\n• Access to combat equipment and mode of transport.\n• Available for immediate deployment.\n\nPREFERRED QUALIFICATIONS\n• Experience with rapid hostility de-escalation techniques.\n
mtps_UGF_eliminateall_allies_title_rehire	Security Contractor Reevaluation	mtps_UGF_eliminateall_allies_desc_rehire	ABOUT THE JOB\nWhile your past performance has not been to our standards, microTech Protection Services has decided to offer you a chance to redeem yourself. \n\nIn an effort to reevaluate your skills, microTech Protection Services would like you to assist in protecting ~mission(Location|Address) against hostile threats. \n\nRESPONSIBILITIES\n• Provide own transportation to ~mission(Location|Address).\n• Help protect the site; using force as necessary.\n• Avoid any friendly fire incidents.\n\nMINIMUM QUALIFICATIONS\n• 2 years of combined mercenary and/or security experience.\n• Access to combat equipment and mode of transport.\n• Available for immediate deployment.\n\nPREFERRED QUALIFICATIONS\n• Experience with rapid hostility de-escalation techniques.\n
mtps_UGF_eliminateall_title_001	Remove Illegal Occupants	mtps_UGF_eliminateall_nocivs_desc_001	ABOUT THE JOB\nmicroTech Protection Services is looking for a detail-oriented mercenary professional who can quickly and safely assist us in the complete removal of illegal occupants who have temporarily gained control of ~mission(Location|Address).\n\nBe aware that our intel shows there are civilian workers onsite. Since their connection with the gang is unclear, they should be considered non-combatants. Any hostile action towards them will not be tolerated. \n\nRESPONSIBILITIES\n• Provide own transportation to ~mission(Location|Address).\n• Remove all hostile occupants found within the site; using force if necessary.\n• Ensure the safety of any civilians who may be onsite. \n\nMINIMUM QUALIFICATIONS\n• 2 years of combined mercenary and/or security experience.\n• Access to combat equipment and mode of transport.\n• Available for immediate deployment.\n\nPREFERRED QUALIFICATIONS\n• Experience with rapid hostility de-escalation techniques.\n
northrock_boarders_890J_title_001	URGENT: Boarding Action In Progress	northrock_boarders_890J_desc_001	An executive client just informed us that their 890 Jump had been intercepted at ~mission(Location) and boarded by outlaws. They would prefer to have this handled privately owing to the sensitive nature of proprietary data that's being stored aboard. \n\nYour first priority will be to clear all outlaws as quickly as possible so that a recovery team can be dispatched to return the ship to the owner. The longer the outlaws have control of the vessel, the higher the chance it will be lost. I recommend you acquire a team for this outing to expedite matters. \n\nNote that thanks to a small contingent of Security Personnel who stayed aboard, all surviving members of the crew were able to flee in an escape craft. The current status of the remaining security is unknown, but just in case, keep an eye out for friendlies when you engage the hostiles.\n\nSecondly, if at all possible, the client is *very* interested in preventing the theft of the aforementioned data. If you are able to stop the theft of their confidential data stores before they are transmitted, a generous bonus will be issued.\n\nNeedless to say, this is a client I would very much like to keep happy. \n\nBraden Corchado\nLogistics Officer - Stanton Branch\nNorthrock Service Group
northrock_bounty_fps_title_001	Bounty Assignment: ~mission(TargetName) (HRT)	northrock_bounty_fps_UGF_boss_nocivs_desc_001	Hey, \n\nGot a contract for you that requires a bit more tactics than usual. A high-level criminal by the name ~mission(TargetName) is hiding with a large contingent of outlaws at ~mission(Location|Address). \n\nOur intel suggests that ~mission(TargetName|Last)’s forces most likely will act as defensive line in order to protect their boss. My best guess is that you will have to deal with them before you gain access to ~mission(TargetName|Last).\n\nThat said, I don’t want you shooting indiscriminately. Sometimes these outlaws keep civilians around and they should be treated like non-combatants.\n\nBest of luck,\n\nBraden Corchado\nLogistics Officer - Stanton Branch\nNorthrock Service Group\n
Northrock_Bounty_OLP_Boss_H_title_001	Pro Tem Bounty Assignment: ~mission(TargetName)		
northrock_bounty_prisoner_title_001	Escapee Bounty Assignment: ~mission(TargetName)	northrock_bounty_prisoner_desc_001	Convicted criminal ~mission(TargetName) has escaped from a local rehab facility and Northrock's been contracted to return the inmate to custody. In my experience, escaped prisoners tend not to give up peacefully, so use any method you can to find and subdue the escapee. \n\nMight be worth staking out spots where they could attempt to hack their record clean. Wouldn't be the first time a prisoner has tried to wipe their sentence after escaping.\n\nGood hunting,\n\nBraden Corchado\nLogistics Officer - Stanton Branch\nNorthrock Service Group
northrock_bounty_prisoner_title_intro	Pro Tem Escapee Bounty Contract	northrock_bounty_prisoner_desc_intro	Hey There,\n\nMy name is Braden Corchado and I'm a logistics officer for Northrock Service Group, the leading independently-owned security firm operating in the Stanton system. I may have reached out already, but we try to make it a point of approaching anyone who meets our high standards and encouraging them to complete a pro tem contract. \n\nYou can't do much better than become a Northrock contractor. We have a solid reputation for offering challenging and interesting work at a higher rate of pay then many of our competitors in system. \n\nNow, to get approved, you will need to apprehend one ~mission(TargetName). They have recently escaped from the detention center and your job will be to track them down before they can disappear completely off the grid. \n\nA little hint is that it's safe to assume that the target is going to go try to clear their record. I recommend triangulating your search between the detention center they escaped from and locations where they can hack into the record system.\n\nGet this done and we'll see about getting you more work.\n\nHope to hear from you soon, \n\nBraden Corchado\nLogistics Officer - Stanton Branch\nNorthrock Service Group 
northrock_bounty_prisoner_title_rehire	Pro Tem Escapee Bounty Contract (Reevaluation)	northrock_bounty_prisoner_desc_rehire	Hey,\n\nI know it's been a little while, but if you are still interested in doing contract work for Northrock, I convinced the management to give you a reevaluation. If you can successfully complete a bounty for us, we can see about getting your employment status reinstated.\n\nThis pro tem contract is to track down escaped criminal ~mission(TargetName). Try your best to get to them before they can wipe their record at database access point or the job's going to be significantly more difficult.\n\nHoping we can trust you on this.\n \nBraden Corchado\nLogistics Officer - Stanton Branch\nNorthrock Service Group 
northrock_bounty_PVP_title_001	Apprehend Suspect: ~mission(TargetName)	bounty_pvp_desc	~mission(Contractor|BountyPVPDescription)
northrock_bounty_PVP_title_first	Pro Tem Suspect Apprehension	northrock_bounty_PVP_desc_first	Hi,\n\nHope you don't mind, but I was made aware of your Bounty Hunters Guild status and wanted to reach out and see if you'd be interested in contracting with Northrock Service Group, one of the top rated private security firms in the system.\n\nIf you are, the first step would be to complete a pro tem suspect apprehension. It's less of an evaluation and more of a chance to make sure that we can have a good working relationship. \n\nThe suspect you would be after is known as <EM4>~mission(TargetName)</EM4>. They are known to be particularly elusive so you may have your work cut out for you.\n\nHope to hear from you soon, \n\nBraden Corchado\nLogistics Officer - Stanton Branch\nNorthrock Service Group
northrock_bounty_PVP_title_rehire	Pro Tem Suspect Apprehension (Reevaluation)	northrock_bounty_PVP_desc_rehire	Hey again,\n\nIt's been a little while, hope everything's okay. I know things didn't end on the best terms, but after discussing it with management, I would like to offer you an opportunity to redeem yourself. You had potential and I hate to think that you didn't have a proper chance to show what you're capable of.\n\nApprehend <EM4>~mission(TargetName)</EM4> and we can see about getting your employment status reinstated.\n\nBraden Corchado\nLogistics Officer - Stanton Branch\nNorthrock Service Group
NorthRock_Delivery_Local_DerelictOutpost_Title_01	Retrieval Op	NorthRock_Delivery_Local_DerelictOutpost_Desc_01	Here's the deal – a client of ours (who should have spent the extra credits for a Northrock escort) had one of their ships attacked and now they need us to run point on a retrieval op for an important package that was stolen.\n\nThankfully, we caught a break and were able to track down the people responsible to <EM4>~mission(Pickup1|Address)</EM4>. We need you to head there and recover the package. You'll be able to ID it by its serial number: <EM4>#~mission(Item1|SerialNumber)</EM4>.\n\nI expect that the outlaws are going to put up a fight, but just remember that they aren't the priority.\n\nOnce you got the package, fly it back to the client at <EM4>~mission(Dropoff1|Address)</EM4>. \n\nOne last thing, make sure you bring a ship that has enough room for some cargo. Don't want you getting all the way there in your Gladius or whatever only to have to turn back.\n\nDo us proud,\n\nBraden Corchado\nLogistics Officer - Stanton Branch\nNorthrock Service Group\n\n*RETRIEVAL OPERATION SUMMARY*\n* Recover Package <EM4>#~mission(Item1|SerialNumber)</EM4> from <EM4>~mission(Pickup1|Address)</EM4>\n* Deliver to <EM4>~mission(Dropoff1|Address)</EM4>\n
northrock_groupbounty_title_01	Bounty Assignment: Group Warrant (MRT)	groupbounty_desc	~mission(Contractor|GroupBountyDescription)
northrock_groupbounty_title_02	Bounty Assignment: Group Warrant (HRT)	groupbounty_desc	~mission(Contractor|GroupBountyDescription)
northrock_groupbounty_title_03	Bounty Assignment: Group Warrant (VHRT)	groupbounty_desc	~mission(Contractor|GroupBountyDescription)
northrock_groupbounty_title_04	Bounty Assignment: Group Warrant (ERT)	groupbounty_desc	~mission(Contractor|GroupBountyDescription)
northrock_groupbounty_title_intro	Pro Tem Group Warrant Contract	northrock_groupbounty_desc_intro	Hey,\n\nHope everything is going all right. I may have reached out already, but I wanted to be sure and introduce myself. I'm a logistics officer for Northrock Service Group, the leading independently-owned security firm operating in the Stanton system today, providing a variety of services to all major governmental bodies as well as various private concerns. The reason I am contacting you is because we believe someone with your skills could be a boon to our clients. \n\nNot only that, but I think we'd be good fit for you. Our contractors traditionally get a higher rate of pay than a lot of our competitors in system, and a lot of them tell me how they really enjoy being tasked with the challenging and interesting work we offer. \n\nNow, Northrock holds itself to such high-standards so before we can make anything official, you'll need to achieve approved contractor status by completing a pro tem contract. \n\nI was hoping you could capture several wanted members of an outlaw gang: ~mission(Target1), ~mission(Target2), and ~mission(Target3).\n\nGet that done and we'll see about getting you more work.\n\nHope to hear from you soon, \n\nBraden Corchado\nLogistics Officer - Stanton Branch\nNorthrock Service Group 
northrock_groupbounty_title_rehire	Pro Tem Group Warrant (Reevaluation)	northrock_groupbounty_desc_rehire	Hey,\n\nI've been thinking over everything that went down and decided to speak to management. They've agreed to give you another chance but only if you successfully complete a contract for us.\n\nWe can look at reinstating your employment status if you can bring in this criminal trio:\n~mission(Target1)\n~mission(Target2)\n~mission(Target3)\n\nThey evaded the last Associate who went after them, so you bringing them all in would definitely earn you some points.\n\nHopefully you've gotten your act together since your last job.\n\nBraden Corchado\nLogistics Officer - Stanton Branch\nNorthrock Service Group
NTLockdown_FleetDestroy_Antagonist_MBroker_name	Aid The Blockade	NTLockdown_FleetDestroy_Antagonist_MBroker_desc	Now that Crusader’s found their fleet, it seems the Nine Tails finally realized just how useful a bit of extra help can be.\n\nLong story short, they’re looking for some hired muscle to keep Crusader at bay. You’ll and everyone else who volunteers get a payout for every security ship you take down. \n\nAnd on top of that, if all of you keep Crusader occupied long enough for the Nine Tails to finish up whatever the hell it is that they’re up to with this quantum blockade, you’ll get a big fat bonus.\n
NTLockdown_FleetDestroy_MBroker_name	Illegal Blockade - Neutralizing Nine Tails Fleet	NTLockdown_FleetDestroy_MBroker_desc	Crusader Security has confirmed the location of the outlaw Nine Tails fleet responsible and is mobilizing now to end the quantum blockade of ~mission(Location).\n\nWe are again seeking trained security professionals to join with our emergency response efforts and assist in neutralizing this dangerous threat.\n\nBefore accepting, please be aware that the Nine Tails are fully expected to offer considerable resistance and that until the blockade is ended, quantum travel will not be possible in the sector.\n\nCONTRACT AUTHORIZED BY:\nDirector Sasha Rust\nID# 122L964G\n
NTLockdown_FleetFind_Antagonist_MBroker_name	Away From Prying Eyes	NTLockdown_FleetFind_Antagonist_MBroker_desc	I told the Nine Tails that blocking quantum travel to hold a whole area hostage was gonna attract the wrong kind of attention, but do they listen to me? No. Now Crusader’s got dozens of scanning ships out there poking their noses into things I’d rather stay hidden. \n\nThat’s why I'm trying to hire as many people as I can to help me out. I wanna pay you for each Crusader scanning ship you take out. \n\nIn fact, I’ll even up your rate per-ship if all of you hit a certain number of kills. Call it a performance incentive.\n\nAnd if you're really feeling like an overachiever, take out any fools brave enough to try running cargo to the blockaded station. I've got some suppliers who'll be appreciative of the extra demand.\n
NTLockdown_FleetFind_MBroker_name	Illegal Blockade - Seeking Nine Tails Fleet Responsible	NTLockdown_FleetFind_MBroker_desc	Crusader Security has learned that the criminal organization known as the Nine Tails have set an illegal blockade around ~mission(Location) and stopped all incoming and outgoing quantum traffic in the sector.\n\nThe outlaw fleet must be located, and the blockade terminated.\n\nWe are urgently requesting any trained security professionals in the system to join Crusader Security forces and protect our scanning ships as they seek out the location of the Nine Tails fleet causing this blockade.\n\nPlease bear in mind that with quantum travel disabled and numerous hostiles in the area, this should be considered a high-risk operation. Proper equipment and a full tank of fuel is strongly recommended for all pilots joining this emergency response effort. \n\nCONTRACT AUTHORIZED BY:\nDirector Sasha Rust\nID# 122L964G\n
NTLockdown_StationSupply_MBroker_name	Illegal Blockade – Medical Supplies Needed	NTLockdown_StationSupply_MBroker_desc	The illegal quantum blockade of ~mission(Location) has interrupted normal trade routes and essentials are in short supply. \n\nCrusader Security is looking for traders and haulers to provide much needed medical supplies to the station. \n\nPrices offered by the station administration will be adjusted to reflect the situation with the Nine Tails, and in addition, Crusader will provide a hazard bonus upon successful transfer of the medical supplies because of the increased risk. \n\nThank you in advance for your support during these difficult times.\n\nCONTRACT AUTHORIZED BY:\nDirector Sasha Rust\nID# 122L964G\n
p_protectandresupply_PreXeno_title	Overdrive Initative: Xenothreat Ambush - Support Needed	p_protectandresupply_PreXeno_desc	
p_protectandresupply_title	CDF ALERT: Xenothreat Ambush - Support Needed	p_protectandresupply_desc_v2	*FOR IMMEDIATE SYSTEM-WIDE RELEASE*\n\nAttention, XenoThreat forces started to ambush Naval convoy ships transporting vital supplies while en route to Jericho station at the Pyro Gateway in the Stanton System. The Navy has requested CDF forces to help recover these supplies from the wreckage and safely deliver them to Jericho. \n\nThe Navy has organized a community stipend to handle the distribution of payment. This will be distributed among all CDF volunteers at assigned intervals. An indicator will appear on your HUD to measure these payouts.\n\nPlease note that some of these supplies are highly volatile if not handled correctly. Use caution while transporting these materials:\n* Zeta-Prolanide degrades over time until breaking down completely.\n* AcryliPlex Composite becomes explosively unstable if damaged.\n* Diluthermex releases a destructive energy pulse if exposed to quantum travel.\n \nAdditionally, while not as volatile, the supplies of DynaFlex lost during the attack are still urgently needed by the Navy to complete their repairs of the Javelin and should be a priority for recovery.    \n\nAlso, XenoThreat hostiles might still be in the area so be careful. CDF volunteers with combat experience are also urged to contribute by securing these areas from lingering XenoThreat forces.\n\nSAIC Rowena Dulli from the Advocacy is the official attaché to the CDF and will be running the operation.
p_showdown_PreXeno_title	Overdrive Initative: Attack on XenoThreat	p_showdown_PreXeno_desc	Attention, Naval forces have regrouped for the final assault that XenoThreat have been planning. The Navy has officially requested any CDF volunteers to help provide combat support in this final push to secure our system. This will include volunteers outside of those who have participated in the Overdrive Initiative.\n\nSAIC Rowena Dulli from the Advocacy is the official attaché to the CDF and will be running the operation.\n\nIf successful, this will complete this Overdrive Initiative series and you will receive temporary access to the F7A Hornets or a free upgrade if you currently own an F7C.
p_showdown_title	CDF ALERT: Attack on XenoThreat	p_showdown_desc	*FOR IMMEDIATE SYSTEM-WIDE RELEASE*\n\nAttention, Naval forces have regrouped for a final assault on the XenoThreat outlaw pack that have been plaguing Stanton System. The Navy has officially requested for any CDF volunteers to help provide combat support in this final push to secure our system.\n\nSAIC Rowena Dulli from the Advocacy is the official attaché to the CDF and will be running the operation.
PU_GhostHollow_Information_Title	money from nothing	PU_GhostHollow_Information_Desc	Ever want to make creds just magically appear? A bunch of old CCB credit terminals are currently active and faking bank transactions to siphon off funds to whoever controls the terminals. If you want in on the action, I'll sell you the coordinates for a small fee. Better hurry if you want to make a play for it. Don’t know how long it'll stay up and running.
RAIN_collectresources_multiple_GEN_name_01	Additional Resources For Research		
RAIN_collectresources_multiple_OLP_name_01	Vital Resources Needed For Research		
RAIN_collectresources_single_OLP_name_01	Need Resource for Research\n		
RAIN_CollectResources_storm_title_001	Collect Irradiated Kopion Horns		
RAIN_CollectResources_storm_title_002	Obtain Irradiated Valakkar Pearls		
RAIN_CollectResources_storm_title_003	Gather Irradiated Valakkar Fangs		
RAIN_CollectResources_storm_title_004	Collect Irradiated Valakkar Eggs		
RAIN_intro_name_01	Interested in Building a Better Future?		
redwind_courier_dc_small_title_001	Red Wind Local Shipment Route	redwind_courier_fromdc_med_desc_001	RED WIND LINEHAUL\n'YOUR GOODS IN GOOD HANDS'\n----------------------------\n\nGot a request in from ~mission(Pickup1|Address) that they have a fair number of packages waiting in the ~mission(Pickup1) that they need delivered. \n\nBefore you take the contract, just make sure you got a ship with enough room. Tractor beam wouldn’t hurt either.\n\nPACKAGES FOR PICK UP \n     · All Packages in the <EM4>~mission(Pickup1)</EM4> at <EM4>~mission(Pickup1|Address)</EM4>\n\nDROP OFF LOCATIONS (ANY ORDER)\n     · Package <EM4>#~mission(Item1|SerialNumber)</EM4> to the <EM4>~mission(Dropoff1|Address)</EM4>\n     · Package <EM4>#~mission(Item2|SerialNumber)</EM4> to the <EM4>~mission(Dropoff2|Address)</EM4>\n     · Package <EM4>#~mission(Item3|SerialNumber)</EM4> to the <EM4>~mission(Dropoff3|Address)</EM4>\n     · Package <EM4>#~mission(Item4|SerialNumber)</EM4> to the <EM4>~mission(Dropoff4|Address)</EM4>\n     · Package <EM4>#~mission(Item5|SerialNumber)</EM4> to the <EM4>~mission(Dropoff5|Address)</EM4>\n     · Package <EM4>#~mission(Item6|SerialNumber)</EM4> to the <EM4>~mission(Dropoff5|Address)</EM4>\n     · Package <EM4>#~mission(Item7|SerialNumber)</EM4> to the <EM4>~mission(Dropoff6|Address)</EM4>\n     · Package <EM4>#~mission(Item8|SerialNumber)</EM4> to the <EM4>~mission(Dropoff6|Address)</EM4>\n     · Package <EM4>#~mission(Item9|SerialNumber)</EM4> to the <EM4>~mission(Dropoff7|Address)</EM4>\n     · Package <EM4>#~mission(Item10|SerialNumber)</EM4> to the <EM4>~mission(Dropoff7|Address)</EM4>\n\n\nWE ARE EQUAL OPPORTUNITY - Red Wind Linehaul is and always has been an equal opportunity contractor. If you think you can do a good job for us, then by all means sign up. \n
RedWind_Delivery_Illegal_Title_01	Red Wind Discreet Courier Run	RedWind_Delivery_Illegal_Desc_01	RED WIND LINEHAUL\n'YOUR GOODS IN GOOD HANDS'\n----------------------------\n\nGot another special job that I could use you on. Should be a quick run.\n\nPACKAGE FOR PICK UP\n     · Package <EM4>#~mission(Item1|SerialNumber)</EM4> from the <EM4>~mission(Pickup1|Address)</EM4>)\n\nDROP OFF LOCATION\n     · Package <EM4>#~mission(Item1|SerialNumber)</EM4> to the <EM4>~mission(Dropoff1|Address)</EM4>\n\nAnd please remember not to bother the clients or any of their guests. Professionalism is the key here. \n
RedWind_Delivery_Illegal_Title_Intro	Red Wind In Need of Discreet Couriers	RedWind_Delivery_Illegal_Desc_Intro	RED WIND LINEHAUL\n'YOUR GOODS IN GOOD HANDS'\n----------------------------\n\nI know you've done some solid work for us in the past, so I figured I'd see if you were interested in handling a bit of a special run for us that's a bit farther out in the system than what you've been doing so far.\n\nIn a nutshell, we need a pilot who's willing to keep their head down, focus on getting the packages delivered, and most importantly, not ask a lot of questions.\n\nSee, for a smaller company like us, staying ahead of competition means that we need to offer our clients something they can't get elsewhere - discretion. At Red Wind, as long as you got the credits we'll take whatever to wherever. Understand?\n\nIf that sounds good to you, let's see how you do on this run -\n\nPACKAGES FOR PICK UP (ANY ORDER)\n     · Package <EM4>#~mission(Item1|SerialNumber)</EM4> from the <EM4>~mission(Pickup1|Address)</EM4>\n     · Package <EM4>#~mission(Item2|SerialNumber)</EM4> from the <EM4>~mission(Pickup2|Address)</EM4>\n     · Package <EM4>#~mission(Item3|SerialNumber)</EM4> from the <EM4>~mission(Pickup3|Address)</EM4>\n\nDROP OFF LOCATIONS (ANY ORDER)\n     · Package <EM4>#~mission(Item1|SerialNumber)</EM4> to the <EM4>~mission(Dropoff1|Address)</EM4>\n     · Package <EM4>#~mission(Item2|SerialNumber)</EM4> to the <EM4>~mission(Dropoff2|Address)</EM4>\n     · Package <EM4>#~mission(Item3|SerialNumber)</EM4> to the <EM4>~mission(Dropoff3|Address)</EM4>\n\nOne last bit of advice, it would probably be good to avoid any unnecessary delays once you got the packages onboard, for example being searched by local law enforcement. \n
Redwind_internaldelivery_dc_title_001	Red Wind Package Handler	Redwind_internaldelivery_dc_desc_005	RED WIND LINEHAUL\n'YOUR GOODS IN GOOD HANDS'\n----------------------------\n\nSeems like there was a bit of a logistical snafu at <EM4>~mission(Location|Address)</EM4> and they need someone to make sure the misplaced packages end up where they’re supposed to go inside the facility.\n\nPACKAGES FOR PICK UP (ANY ORDER)\n     · Package <EM4>#~mission(Item1|SerialNumber)</EM4> from the <EM4>~mission(Pickup1)</EM4>\n     · Package <EM4>#~mission(Item2|SerialNumber)</EM4> from the <EM4>~mission(Pickup2)</EM4>\n     · Package <EM4>#~mission(Item3|SerialNumber)</EM4> from the <EM4>~mission(Pickup3)</EM4>\n     · Package <EM4>#~mission(Item4|SerialNumber)</EM4> from the <EM4>~mission(Pickup4)</EM4>\n     · Package <EM4>#~mission(Item5|SerialNumber)</EM4> from the <EM4>~mission(Pickup5)</EM4>\n     · Package <EM4>#~mission(Item6|SerialNumber)</EM4> from the <EM4>~mission(Pickup6)</EM4>\n\n\nDROP OFF LOCATIONS (ANY ORDER)\n     · Package <EM4>#~mission(Item1|SerialNumber)</EM4> to the <EM4>~mission(Dropoff1)</EM4>\n     · Package <EM4>#~mission(Item2|SerialNumber)</EM4> to the <EM4>~mission(Dropoff2)</EM4>\n     · Package <EM4>#~mission(Item3|SerialNumber)</EM4> to the <EM4>~mission(Dropoff3)</EM4>\n     · Package <EM4>#~mission(Item4|SerialNumber)</EM4> to the <EM4>~mission(Dropoff4)</EM4>\n     · Package <EM4>#~mission(Item5|SerialNumber)</EM4> to the <EM4>~mission(Dropoff5)</EM4>\n     · Package <EM4>#~mission(Item6|SerialNumber)</EM4> to the <EM4>~mission(Dropoff6)</EM4>\n\n\n\nTRUST GOES TWO WAYS - By taking this contract you are pledging not to screw us over, and Red Wind Linehaul pledges to treat you the same. \n
RedWind_LocalDelivery_title_01	Red Wind Local Delivery Route	RedWind_LocalDelivery_desc_01	RED WIND LINEHAUL\n'YOUR GOODS IN GOOD HANDS'\n----------------------------\n\nNeed an available independent pilot for a quick local delivery.\n\nPACKAGE FOR PICK UP\n     · Package <EM4>#~mission(Item1|SerialNumber)</EM4> from the <EM4>~mission(Pickup1|Address)</EM4>\n\nDROP OFF LOCATION\n     · Package <EM4>#~mission(Item1|SerialNumber)</EM4> to the <EM4>~mission(Dropoff1|Address)</EM4>\n\nTry to keep your nose clean when you're out there. If you got Red Wind packages onboard, a certain level of professionalism is appreciated. And don't forget to pack a <EM4>handheld tractor beam</EM4> to bring along. \n\n~mission(Contractor|SignOff)
RedWind_LocalDelivery_title_intro	Red Wind Seeking New Pilots	RedWind_LocalDelivery_desc_intro	RED WIND LINEHAUL\n'YOUR GOODS IN GOOD HANDS'\n----------------------------\n\nWe're looking to hire an independent pilot that's interested in running a local route for us.\n\nPACKAGES FOR PICK UP (ANY ORDER)\n     · Package <EM4>#~mission(Item1|SerialNumber)</EM4> from the <EM4>~mission(Pickup1|Address)</EM4>\n\nDROP OFF LOCATIONS (ANY ORDER)\n     · Package <EM4>#~mission(Item1|SerialNumber)</EM4> to the <EM4>~mission(Dropoff1|Address)</EM4>\n\nIf you pull this off, we can see about other contracts in the future. And don't forget to pack a <EM4>handheld tractor beam</EM4> to bring along. \n\n~mission(Contractor|SignOff)
RedWind_LocalDelivery_title_rehire	Another Attempt at Red Wind Delivery	RedWind_LocalDelivery_desc_rehire	RED WIND LINEHAUL\n'YOUR GOODS IN GOOD HANDS'\n----------------------------\n\nEven though we haven't hired you in a while, we could use the extra help right now.\n\nPACKAGES FOR PICK UP (ANY ORDER)\n     · Package <EM4>#~mission(Item1|SerialNumber)</EM4> from the <EM4>~mission(Pickup1|Address)</EM4>\n     · Package <EM4>#~mission(Item2|SerialNumber)</EM4> from the <EM4>~mission(Pickup2|Address)</EM4>\n     · Package <EM4>#~mission(Item3|SerialNumber)</EM4> from the <EM4>~mission(Pickup3|Address)</EM4>\n\nDROP OFF LOCATIONS (ANY ORDER)\n     · Package <EM4>#~mission(Item1|SerialNumber)</EM4> to the <EM4>~mission(Dropoff1|Address)</EM4>\n     · Package <EM4>#~mission(Item2|SerialNumber)</EM4> to the <EM4>~mission(Dropoff2|Address)</EM4>\n     · Package <EM4>#~mission(Item3|SerialNumber)</EM4> to the <EM4>~mission(Dropoff3|Address)</EM4>\n\nIf you pull this delivery off, we can see about making it a more regular thing again. And don't forget to pack a <EM4>handheld tractor beam</EM4> to bring along. \n\n~mission(Contractor|SignOff)
redwind_UGF_collect_title_001	RED WIND DELIVERY PILOT NEEDED	redwind_UGF_collect_desc_001	RED WIND LINEHAUL\n'YOUR GOODS IN GOOD HANDS'\n----------------------------\n\nGot a shipment waiting to be hauled from <EM4>~mission(Location|Address)</EM4> to <EM4>~mission(Destination|Address)</EM4>. \n\nI’ll be up front with you though, this spot doesn’t have the cleanest of reputations. That being said, they still need packages delivered and they got credits, so that’s all square. But if you go in there, there’s a good chance you might run into some trouble.\n\nDon’t take the job if you can’t handle that.\n\n\n\nTO ALL VETS - Red Wind appreciates your service to our Empire! Your struggles mean our freedom!  \n
RepairOxygenKiosk_Title	Inmate Maintenance Opportunity	RepairOxygenKiosk_DescriptionLong	Hello Guests,\n\nWe have recently been alerted that one of our Oxygen Dispensers has suffered a technical error. As you know these kiosks are vital to ensure that you have plenty of oxygen handy while participating in our Work Release Program.\n\nWe are looking for any available guest to reset the kiosk. That should reconnect the kiosk to the network and resolve the issue. The first guest who's able to complete this task will not only be compensated with merits, but also with the satisfaction that they're making the workplace safer for other guests.\n\nThank you.
RetrieveDatapad_title	Failed Negotiations	RetrieveDatapad_desc	Ran into a bit of crap luck that I'm hoping you can help me right.\n\nA few days ago, I hired the crew of the 'Pride of Arliss' to obtain some important data for me. They pulled off the job no problem, but the bastard of a captain comm'd me demanding more credits. Turns out it wasn't the first time he's tried to pull this trick either because in middle of "negotiating" with me, his ship was attacked by some very pissed off individuals looking to teach him a lesson.\n\nOur comm got cut off when the shooting started and that was the last I heard from him. I'm guessing he's as good as ghosted, but I want you to head to the Pride of Arliss and try to get my data off the captain's personal datapad.\n\nOnce you have it, I set up a secure transmission channel at the ARC-L1 rest stop. Travel there and when you're in range, submit the data to me through this contract to get paid.\n  \nDon’t try to screw me over either. Karma can be a real asshole.\n
roughready_bounty_cargoship_title_001	Double Dealing	roughready_bounty_cargoship_desc_001	Rough & Ready recently provided fueling services for a hauler named ~mission(TargetName), who agreed to deliver their next load of supplies to us as compensation. Well, we just found out that the lying skag sold their latest shipment to a rival gang instead. \n\nWe’re looking for someone to track down and eliminate ~mission(TargetName|Last) for the double cross. \n\nAn old friend of mine just spotted the skag at ~mission(Location|Address). Looks like they're loaded with more cargo that’s not coming our way, and traveling with an escort. We’re only paying you to take out the ship, so anything you find aboard is yours to keep.\n\n- Smokey\n
roughready_bounty_cargoship_title_002	Failed Delivery	roughready_bounty_cargoship_desc_002	My associates and I brokered a deal with a hauler named ~mission(TargetName) to deliver supplies to us. Funny thing is the shipment never showed up. They claimed pirates raided their ship and took our supplies, but it turns out that story’s 100% ranta dung.\n\nLying to back out of our deal can’t go unanswered and you’re going to make that message abundantly clear. ~mission(TargetName|Last) was recently seen with an escort at ~mission(Location|Address). As long as you kill ~mission(TargetName|Last), we don’t care what happens to the cargo they’re hauling. \n\n- Smokey\n
roughready_bounty_cargoship_title_003	Trigger A Trap	roughready_bounty_cargoship_desc_003	Some asshole going by the name ~mission(TargetName) has been running a scheme where their cargo ship requests refueling services only to ambush our ships when they get there. Even loaded the damn thing up with real cargo to make sure it passes scans. We’ve spread the word so nobody in Rough & Ready will fall for the trap again, but I want this skag punished. \n\nI think ~mission(TargetName|Last) knows a lot of our people on sight, so I’m guessing it’ll be better to pay you to take care of it. Heard that they were spotted around ~mission(Location|Address). Head there now and take care of that cargo ship and anyone protecting it once and for all. \n\n- Smokey\n
roughready_bounty_title_001	Strike Saboteur	roughready_bounty_desc_001	Interested in doing a little hunting? \n\n~mission(TargetName) sabotaged one of our fuel shipments and cost us a ton of creds, so I’m looking for someone to make ‘em pay for what they did. Just got word ~mission(TargetName|Last) was spotted at ~mission(Location|Address). If you head there now, there’s a good chance you can pick up their trail and take ‘em out for good. \n\n~mission(TargetName|Last) didn’t work alone, so don’t be surprised if they’re traveling with extra protection.\n\n- Smokey\n
roughready_bounty_title_002	Long Overdue	Roughready_bounty_desc_002	Rough & Ready have been in business with ~mission(TargetName) for years but that relationship has taken a turn for the worse. For a while, we were supplying them with fuel on credit but when it came time to collect the coward went into hiding. If ~mission(TargetName|Last) can’t pay with creds, guess they’re gonna pay with their life.\n\nAn associate just clocked ~mission(TargetName|Last) at ~mission(Location|Address). I’d love for you to head there now to make the stingy bastard pay.\n\nBy the way, it looks like ~mission(TargetName|Last) isn’t traveling alone, so I’d make sure you’re fully stocked before going after ‘em. \n\n- Smokey
roughready_bounty_title_003	Parting Gift	roughready_bounty_desc_003	I have a delicate situation that needs handling. After years of being a loyal member of Rough & Ready, ~mission(TargetName) defected from the gang and is out there shopping secrets to our rivals. We need ~mission(TargetName|Last) ghosted immediately. \n\nWith stuff like this, I’ve found it’s always better to pay someone unassociated with us to do the deed. Scans picked up ~mission(TargetName|Last) near ~mission(Location|Address) not too long ago. We’ll pay you well to head there now and take care ‘em for us. \n\n~mission(TargetName|Last) isn’t an idiot and knows we’ll be coming after ‘em. Be prepared for a helluva fight and don’t expect ‘em to be alone.\n\n- Smokey  \n
roughready_claimsweep_title_easy	Silence Spying Op	roughready_claimsweep_desc_easy	The Rough & Ready crew is looking for someone to handle a delicate situation. We’ve discovered a ship and orbital sentries at ~mission(location|address) spyin’ on us. We’re in a bit of a bind because we don’t want to start a larger fight with whoever’s behind this. That’s why we’re looking for some hired help who can quickly and discreetly take care of it for us. Interested?\n\nLast thing, once you’re out there, make sure to keep an eye on that ship. Bet as soon as you start blowin’ up their sentries they’re gonna try to bring in some help to stop you.\n \n- Smokey\n
roughready_claimsweep_title_hard	Stomp Spying Op	roughready_claimsweep_desc_hard	The Rough & Ready crew is looking for an independent merc interested in something heavy. We’ve been keeping an eye on a developing situation at ~mission(location|address) where ships are guarding several orbital sentries spying on our operations.      \n\nNow, I might’ve been born at night, but it wasn’t last night. Considering the blatant way they’re set up, whoever’s responsible had to know we’d eventually discover it. Almost feels like they’re baiting R&R into attacking it, and I don’t want us falling for it. \n\nInstead, you’re gonna do it for us and get paid a damn good amount of creds for your effort. The ships stationed there will be less suspicious of an unaffiliated ship approaching and make it harder to pin the attack on us. \n\nJust be sure to plan accordingly before heading in. Maybe bring your own reinforcements in case any of their ships escape and call in some of their own.     \n\n- Smokey\n
roughready_claimsweep_title_intro	Stop Spying Op 	roughready_claimsweep_desc_intro	My associates and I have found ourselves in a little predicament and could use some help. There’s an orbital sentry at ~mission(location|address) that’s spying on us. We don’t know who put it there, but it sure as hell can’t stay. \n\nThing is we’re business minded folks first and foremost and worry that if we blow it up ourselves it’ll start shit. That’s why it’s better if someone like you does it. Should be a quick and easy gig for someone interested in earning some creds.   \n\n- Smokey
roughready_claimsweep_title_medium	Squash Spying Op	roughready_claimsweep_desc_medium	Recently made an interesting discovery that someone set up a handful of orbital sentries at ~mission(location|address). Guess they’re trying to grab some info about our operations there. They even have a few ships guarding to make sure nothing happens to them. \n\nOf course, we want these bastards gone, but I’m worried that getting rid of it ourselves would be bad for business. That’s why we’re looking for a little ‘plausible deniability’. Someone from outside of R&R to eliminate the problem, so whoever is behind it can’t directly tie the attack back to us. I know this won’t be a walk in the park, especially with those guards lurking. Who knows how many reinforcements they have at the ready? But if you manage to get it done, we’re prepared to see you paid right. \n\nThink you’ve got the skills to pull this off? \n\n- Smokey\n
Roughready_destroyitems_fuel_title_01	Fuel to the Fire	Roughready_destroyitems_fuel_desc_01	If you’re in the market for some easy credits, I’ve got an offer for you.\n\nSee, word on the vine is that ~mission(location|address) is operating as a fuel depot. They must not have gotten the memo that the fuel trade in Pyro belongs to Rough & Ready.\n\nThat’s why you’re going to make your way there and destroy their fuel reserves. They should be easy for you to spot. They’re the large yellow storage tanks dotted around the outpost. Watch out though, there are turret emplacements defending the area, so make sure you’re ready to dodge their shots or blow the guns sky high. \n\nI’ll leave it up to you how you handle the demo. Bombs would be my first choice, but I don’t care much as long as the gig gets done.\n\n- Smokey
roughready_eliminateall_hangar_title_01	Unwanted Guests	roughready_eliminateall_hangar_desc_01	We got some outlaws overstaying their welcome on one of our stations. They tried to pull a fast one on us but now they’re trapped in ~mission(location|address). We need you to clear ‘em out. \n\nRough & Ready doesn’t want a single one of them left alive when you’re through. Don’t care how messy it gets as long as it gets done, got it?\n\n- Smokey
roughready_eliminateall_maintenance_title_01	Extermination Job	roughready_eliminateall_maintenance_desc_01	Rough & Ready has a rat problem. One of our crews tried to pull a little mutiny and now they’ve taken over ~mission(location|address).\n\nSince I can’t be 100% sure they don’t have sympathizers onboard the station, I want you to handle putting down these traitors for me.\n\nIf you can clear out our little pest issue you’ll be paid handsomely. Just don’t leave a single one of them alive. Don’t want anyone else getting funny ideas.\n\n- Smokey
Ruto_Assassin_Sync_E_Title	together forever	Ruto_Assassin_Sync_E_Desc	Here's the deal. ~mission(TargetName) and ~mission(TargetName2) need to die at the same time. Unfortunately, they aren't gonna be in the same place.\n\nA double hit can sound complicated, but if you hire some additional guns it shouldn't be all that hard to do two hits simultaneously.\n\nMake sure you find folks who have skills as I have it on good authority that each'll be flying with some escorts for "protection." 
Ruto_Assassin_Sync_H_Title	twice the headache	Ruto_Assassin_Sync_H_Desc	Have another pair that needs simultaneous deathing. Seems to be getting more and more popular as a murder option. \n\nThis time it's ~mission(TargetName) and ~mission(TargetName2). Both are supposed to be pretty skilled operators and they won't be flying alone. \n\nI'd make sure whoever you get to help you on this one can handle a fight. 
Ruto_Assassin_Sync_Intro_Title	simultaneous release	Ruto_Assassin_Sync_Intro_Desc	Guess what ~mission(TargetName) and ~mission(TargetName2) have in common? \n\nYou're gonna kill 'em both!\n\nDifficult part is that I need you to kill them at the same time so that one doesn't have a chance to escape, or worse, kill the person trying to kill them. \n\nSo put together a team to track one target while you handle the other. Divide and conquer!\n\nAnd despite the fact they made a mess big enough to get themselves killed, my understanding is that they are relative lightweights. Don't expect you to meet too much resistance.
Ruto_Assassin_Sync_M_Title	friends to the end	Ruto_Assassin_Sync_M_Desc	I really hope that you're not buddies with ~mission(TargetName) or ~mission(TargetName2) because I need you to ghost the pair of them... at the same time...\n\nOf course they wouldn't make this easy on us and travel in the same ship or something obvious like that. No. You're going to have to put together a crew so that you can down both targets simultaneously. \n\nAs soon as one of them is dead, be ready to drop the other one too. Can't risk either of them getting away.\n\nAnd I figure I should mention that not only are both pretty good pilots, but that they'll be traveling with backup too. Nothing you can't handle I'm sure.
Ruto_Assassin_Sync_S_Title	double trouble	Ruto_Assassin_Sync_S_Desc	If you had asked me, I would've said ~mission(TargetName) and ~mission(TargetName2) would have wound up eventually killing each other. But instead you're going to get the honor of killing them both at the same time.\n\nYou're going to have to work for it, though.\n\nEach one is trouble. Serious records, highly trained, and too smart to fly without backup.\n\nGather the best crew you can on this one. You'll need it. And don't be stingy. You can't spend credits if you're dead.
Ruto_Assassin_Sync_VE_Title	death do us part	Ruto_Assassin_Sync_VE_Desc	It's pretty touching when you run across a pair that's willing to die for one another. Stupid but touching.\n\n~mission(TargetName) and ~mission(TargetName2) chose to stand by each other and now its gone and got them dead.\n\nFind a friend of your own and hunt each of these two down. Make sure you kill them at the same time. Call it poetic justice.\n\nThey should die pretty easy. Maybe they'll have a ship or two with them but I don't think it'll be anything to worry about. 
Ruto_Assassin_Sync_VH_Title	two for the price of two	Ruto_Assassin_Sync_VH_Desc	~mission(TargetName) and ~mission(TargetName2). I think they may be related? Or dating? Doesn't really matter, someone wants them killed. \n\nI've arranged it so that you can hit them when they're not flying together. Safer for you this way. They are both serious business and fly with equally serious backup.\n\nMake sure you and your crew time your attacks. I don't want one of them left alive or it's going to be a real headache.
ServiceBeacon_CombatAssist_Mission_Title	Combat Assistance	ServiceBeacon_CombatAssist_Mission_Desc	~mission(InitiatorName) is requesting combat assistance in ~mission(InitiatorLocation). If accepted, you will be paid ~mission(PaymentAmount) aUEC upon elimination of the threat.\n
ServiceBeacon_CombatAssist_Mission_Title_Difficulty_Easy	Combat Assistance - LOW THREAT	ServiceBeacon_CombatAssist_Mission_Spoofed_Difficulty_Easy_Desc	[LOW THREAT]\n\n ~serviceBeacon(InitiatorName) is requesting combat assistance in deep space. If accepted, you will be paid ~serviceBeacon(PaymentAmount) aUEC upon elimination of the threat.\n\nDistance to ~serviceBeacon(InitiatorName) : ~serviceBeacon(DistToInitiator)
ServiceBeacon_CombatAssist_Mission_Title_Difficulty_Hard	Combat Assistance - HIGH THREAT	ServiceBeacon_CombatAssist_Mission_Spoofed_Difficulty_Hard_Desc	[HIGH THREAT]\n\n ~serviceBeacon(InitiatorName) is requesting combat assistance in deep space. If accepted, you will be paid ~serviceBeacon(PaymentAmount) aUEC upon elimination of the threat.\n\nDistance to ~serviceBeacon(InitiatorName) : ~serviceBeacon(DistToInitiator)
ServiceBeacon_CombatAssist_Mission_Title_Difficulty_Medium	Combat Assistance - MODERATE THREAT	ServiceBeacon_CombatAssist_Mission_Spoofed_Difficulty_Medium_Desc	[MODERATE THREAT]\n\n ~serviceBeacon(InitiatorName) is requesting combat assistance in deep space. If accepted, you will be paid ~serviceBeacon(PaymentAmount) aUEC upon elimination of the threat.\n\nDistance to ~serviceBeacon(InitiatorName) : ~serviceBeacon(DistToInitiator)
ServiceBeacon_CombatAssist_Mission_Title_Difficulty_VeryHard	Combat Assistance - CRITICAL THREAT	ServiceBeacon_CombatAssist_Mission_Spoofed_Difficulty_VeryHard_Desc	[CRITICAL THREAT]\n\n ~serviceBeacon(InitiatorName) is requesting combat assistance in deep space. If accepted, you will be paid ~serviceBeacon(PaymentAmount) aUEC upon elimination of the threat.\n\nDistance to ~serviceBeacon(InitiatorName) : ~serviceBeacon(DistToInitiator)
ServiceBeacon_Escort_Mission_Title	Escort	ServiceBeacon_Escort_Mission_Desc	~mission(InitiatorName) is requesting an escort at the location: ~mission(InitiatorLocation). If accepted, you will be paid ~mission(PaymentAmount) aUEC/Minute until CANCELLED by the Initiator or ABANDONED by the Service Provider. \n\nNOTE: Contract and payment will begin once you rendezvous with the Client. \n
ServiceBeacon_Heal_Mission_Title	Medical Assistance 	ServiceBeacon_Heal_Mission_Desc	~mission(InitiatorName) requires medical assistance at ~mission(InitiatorLocation). Payment will be ~mission(PaymentAmount) aUEC. \n
ServiceBeacon_PersonalTransport_Mission_Title	Personal Transport	ServiceBeacon_PersonalTransport_Mission_Desc	~mission(InitiatorName) is requesting transportation from ~mission(InitiatorLocation) to ~mission(SelectedDestination). Upon the successful completion of this service, you will be paid ~mission(PaymentAmount) aUEC.\n
ServiceBeacon_Revive_Mission_Title	Medical Rescue	ServiceBeacon_Revive_Mission_Desc	~mission(InitiatorName) requires emergency medical treatment at ~mission(InitiatorLocation). Payment will be ~mission(PaymentAmount) aUEC. \n
shubin_claimsweep_title_easy	Remove Claimjumpers	shubin_claimsweep_desc_easy	POSTING: Security / Mercenary \nLOCATION: ~mission(LagrangeLocation)\nWORK EXPERIENCE: Combat Pilot (Military Experience a Plus)\nTERMS*: \nWe just received word that a Shubin contractor was chased off one of our claims by outlaws who are operating there illegally. Further complicating matters, they have set up a few orbital sentries to protect themselves while they mine. \n\nOur hope is to contract with a mercenary who can search for and destroy the sentries at ~mission(location). If you do encounter an illegal miner at the site, be mindful that it is common practice for these types to contact reinforcements for assistance. It might be better to neutralize them as quickly as possible before they can do so. \n\n\n\n\n*Shubin Interstellar is an equal opportunity contractor. By accepting this contract you are assuming any and all risks associated with the work outlined herein and in no way can Shubin Interstellar be held accountable for any damages accrued during the duration of the contract.\n
shubin_claimsweep_title_hard	Oust Claimjumpers	shubin_claimsweep_desc_hard	POSTING: Security / Mercenary \nLOCATION: ~mission(LagrangeLocation)\nWORK EXPERIENCE: Combat Pilot (Military Experience a Plus)\nTERMS*: \nA local Stanton independent mining team was working ~mission(Location) as Shubin Interstellar contractors when a hostile force attacked and took over the site. We believe that the perpetrators are still at the claim using the equipment left behind to harvest the valuable ore there for themselves.\n\nAmong the equipment lost were a handful of orbital sentries that had unfortunately not yet been fully deployed at the time of the attack. Long range scans of the claim have led us to conclude that the outlaws have activated the orbital sentries and are using them to protect their illegal operations.\n\nTo reclaim the site, we are seeking contractors to go to ~mission(Location), destroy the orbital sentries, and clear the site of hostile miners. Efficiency is strongly recommended as there is a high risk they will call for reinforcements once they discover they’re being evicted. \n\n\n\n\n*Shubin Interstellar is an equal opportunity contractor. By accepting this contract you are assuming any and all risks associated with the work outlined herein and in no way can Shubin Interstellar be held accountable for any damages accrued during the duration of the contract.\n
shubin_claimsweep_title_intro	Clear Claimjumpers	shubin_claimsweep_desc_intro	POSTING: Security / Mercenary \nLOCATION: ~mission(LagrangeLocation)\nWORK EXPERIENCE: Combat Pilot (Military Experience a Plus)\nTERMS*: \nIt was recently discovered that a Shubin mining claim has been illegally poached by a rogue miner. While the miner themselves seems to no longer be stealing ore from the site, they did leave behind an orbital sentry which is preventing us from reclaiming it thanks to its offensive capabilities.\n\nWe are looking for a mercenary willing to travel to ~mission(location) hunt down the sentry and destroy it in preparation for Shubin repossession of the site.\n\n\n\n\n*Shubin Interstellar is an equal opportunity contractor. By accepting this contract you are assuming any and all risks associated with the work outlined herein and in no way can Shubin Interstellar be held accountable for any damages accrued during the duration of the contract.\n
shubin_claimsweep_title_med	Expel Claimjumpers	shubin_claimsweep_desc_med	POSTING: Security / Mercenary \nLOCATION: ~mission(LagrangeLocation)\nWORK EXPERIENCE: Combat Pilot (Military Experience a Plus)\nTERMS*: \nA recently acquired Shubin Interstellar mining claim awaiting processing was discovered to have been jumped by a rogue mining outfit who are actively stealing ore from the site.  While local authorities have been notified, there is concern that valuable assets may be harvested before an official investigation can be launched.\n\nTherefore, as is our right as claim holders, we wish to secure a mercenary force to go to ~mission(Location) and destroy the several orbital sentries that are protecting this illegal operation. Caution is advised as there may still be a few illegal miners at the location along with any reinforcements they muster. \n\n\n\n\n*Shubin Interstellar is an equal opportunity contractor. By accepting this contract you are assuming any and all risks associated with the work outlined herein and in no way can Shubin Interstellar be held accountable for any damages accrued during the duration of the contract.\n
Shubin_Industrial_HandMining_Intro_Local_Title_001	Small Purchase Order: Hand Mined Materials	Shubin_Industrial_HandMining_Intro_Local_Desc_001	
Shubin_Industrial_HandMining_Nyx_M_PlanetarySystem_Title_001	Small Mining Order: Sadaryx	Shubin_Industrial_HandMining_Nyx_M_PlanetarySystem_Desc_001	CONTRACT: Mining Order\nLOCATION: Nyx\n\nDETAILS:\nOne of our prospecting teams recently confirmed that the asteroids which house QV Breaker Stations throughout Nyx's Keeger Belt contain a rare ore type, Sadaryx.\n\nHowever, owing to the difficulty in access these stations and the inherent risks involved, we are seeking external mining crews to handle the extraction.\n\nWe do not have a confirmed location of where the Sadaryx deposits are located within the station, but would recommend starting with the cave sections where minerals naturally form. If you get really lucky, you may even find some crystals in storage that were mined by the old QV work crews.\n\n<EM4>TERMS*:</EM4>\nYour crew will need to gain access to a <EM4>QV Breaker Station</EM4>, collect the required <EM4>Sadaryx ore</EM4>, and deliver it to the freight elevator located at <EM4>~mission(Destination|Address)</EM4>.\n\nThis will require a <EM4>Multi-Tool with a Mining Attachment</EM4> and a basic understanding of hand mining.\n\nOur prospecting teams have reported that these stations may have been infiltrated by outlaws. Caution is advised.\n\n*By accepting this contract you are assuming any and all risks associated with the work outlined herein and in no way can Shubin Interstellar be held accountable for any damages accrued during the duration of the contract.
Shubin_Industrial_HandMining_Pyro_E_Local_Title_001	Small Purchase Order: Hand Mined Materials	Shubin_Industrial_HandMining_Pyro_E_Local_Desc_001	
Shubin_Industrial_HandMining_Pyro_H_PlanetarySystem_Title_001	Lrg. Purchase Order: Hand Mined Materials	Shubin_Industrial_HandMining_Pyro_H_PlanetarySystem_Desc_001	POSTING: Purchase Order\nLOCATION: <EM4>~mission(System) </EM4>\n\nTERMS*: \nShubin Interstellar is currently looking to fulfil another purchase order for a variety of materials. We appreciate your help in this matter.\n\n~mission(Hint_Location) \n\nReminder, since this is a purchase order and not a mining contract, you are expected to provide your own equipment, such as a <EM4>~mission(Hint_Tool)</EM4>.\n\nOnce you’re ready to sell us the required materials, deposit them in the freight elevator located at <EM4>~mission(Destination|Address)</EM4>.\n\n*By accepting this contract you are assuming any and all risks associated with the work outlined herein and in no way can Shubin Interstellar be held accountable for any damages accrued during the duration of the contract.
Shubin_Industrial_HandMining_Pyro_M_DiscoverPlanetary_Title_001	Med. Purchase Order: Hand Mined Materials	Shubin_Industrial_HandMining_Pyro_M_DiscoverPlanetary_Desc_001	POSTING: Purchase Order\nLOCATION: <EM4>~mission(System) </EM4>\n\nTERMS*: \nShubin Interstellar is currently looking to fulfil another purchase order for a variety of materials. We appreciate your help in this matter.\n\n~mission(Hint_Location) For a comprehensive list of where to find these minerals, consult <EM4>Mining Fundamentals #2: Where to Mine</EM4> in your mobiGlas Journal.\n\nSince this is a purchase order and not a mining contract, you are expected to provide your own equipment, such as a <EM4>~mission(Hint_Tool)</EM4>.\n\nOnce you’re ready to sell us the required materials, deposit them in the freight elevator located at <EM4>~mission(Destination|Address)</EM4>.\n\n*By accepting this contract you are assuming any and all risks associated with the work outlined herein and in no way can Shubin Interstellar be held accountable for any damages accrued during the duration of the contract.
Shubin_Industrial_HandMining_Pyro_Nyx_VH_Interstellar_Title_001	XL Purchase Order: Hand Mined Materials	Shubin_Industrial_HandMining_Pyro_Nyx_VH_Interstellar_Desc_001	POSTING: Purchase Order\nLOCATION: <EM4>~mission(System) </EM4>\n\nTERMS*: \nShubin Interstellar is currently looking to fulfil another purchase order for rare materials. We appreciate your help in this matter.\n\nThere are only a few known locations where these materials can be sourced, mainly from now defunct Hathor Group sites on <EM4>Daymar and Aberdeen</EM4>. Our suggestion would be to head to the Platform Alignment Facilities (PAF) and attempt to reactivate their Orbital Laser Platform (OLP) to access the materials below the planet's surface.\n\nReminder, since this is a purchase order and not a mining contract, you are expected to provide your own equipment, such as a <EM4>~mission(Hint_Tool)</EM4>.\n\nOnce you’re ready to sell us the required materials, deposit them in the freight elevator located at <EM4>~mission(Destination|Address)</EM4>.\n\n*By accepting this contract you are assuming any and all risks associated with the work outlined herein and in no way can Shubin Interstellar be held accountable for any damages accrued during the duration of the contract.
Shubin_Industrial_HandMining_Pyro_VH_Interstellar_Title_001	XL Purchase Order: Hand Mined Materials	Shubin_Industrial_HandMining_Pyro_VH_Interstellar_Desc_001	POSTING: Purchase Order\nLOCATION: <EM4>~mission(System) </EM4>\n\nTERMS*: \nShubin Interstellar is currently looking to fulfil another purchase order for a variety of materials. We appreciate your help in this matter.\n\n~mission(Hint_Location) \n\nReminder, since this is a purchase order and not a mining contract, you are expected to provide your own equipment, such as a <EM4>~mission(Hint_Tool)</EM4>.\n\nOnce you’re ready to sell us the required materials, deposit them in the freight elevator located at <EM4>~mission(Destination|Address)</EM4>.\n\n*By accepting this contract you are assuming any and all risks associated with the work outlined herein and in no way can Shubin Interstellar be held accountable for any damages accrued during the duration of the contract.
Shubin_Industrial_HandMining_Stanton_E_Local_Title_001	Small Purchase Order: Hand Mined Materials	Shubin_Industrial_HandMining_Stanton_E_Local_Desc_001	
Shubin_Industrial_HandMining_Stanton_E_PlanetarySystem_Title_001	Small Purchase Order: Hand Mined Materials	Shubin_Industrial_HandMining_Stanton_E_PlanetarySystem_Desc_001	
Shubin_Industrial_HandMining_Stanton_H_Planetary_Solar_Title_001	Lrg. Purchase Order: Hand Mined Materials	Shubin_Industrial_HandMining_Stanton_H_Planetary_Solar_Desc_001	POSTING: Purchase Order\nLOCATION: <EM4>~mission(System) </EM4>\n\nTERMS*: \nShubin Interstellar is currently looking to fulfil another purchase order for a variety of materials. We appreciate your help in this matter.\n\n~mission(Hint_Location) \n\nReminder, since this is a purchase order and not a mining contract, you are expected to provide your own equipment, such as a <EM4>~mission(Hint_Tool)</EM4>.\n\nOnce you’re ready to sell us the required materials, deposit them in the freight elevator located at <EM4>~mission(Destination|Address)</EM4>.\n\n*By accepting this contract you are assuming any and all risks associated with the work outlined herein and in no way can Shubin Interstellar be held accountable for any damages accrued during the duration of the contract.
Shubin_Industrial_HandMining_Stanton_H_PlanetarySystem_Title_001	Lrg. Purchase Order: Hand Mined Materials	Shubin_Industrial_HandMining_Stanton_H_PlanetarySystem_Desc_001	POSTING: Purchase Order\nLOCATION: <EM4>~mission(System) </EM4>\n\nTERMS*: \nShubin Interstellar is currently looking to fulfil another purchase order for a variety of materials. We appreciate your help in this matter.\n\n~mission(Hint_Location) \n\nReminder, since this is a purchase order and not a mining contract, you are expected to provide your own equipment, such as a <EM4>~mission(Hint_Tool)</EM4>.\n\nOnce you’re ready to sell us the required materials, deposit them in the freight elevator located at <EM4>~mission(Destination|Address)</EM4>.\n\n*By accepting this contract you are assuming any and all risks associated with the work outlined herein and in no way can Shubin Interstellar be held accountable for any damages accrued during the duration of the contract.
Shubin_Industrial_HandMining_Stanton_M_DiscoverPlanetary_Title_001	Med. Purchase Order: Hand Mined Materials	Shubin_Industrial_HandMining_Stanton_M_DiscoverPlanetary_Desc_001	POSTING: Purchase Order\nLOCATION: <EM4>~mission(System) </EM4>\n\nTERMS*: \nShubin Interstellar is currently looking to fulfil another purchase order for a variety of materials. We appreciate your help in this matter.\n\n~mission(Hint_Location) For a comprehensive list of where to find these minerals, consult <EM4>Mining Fundamentals #2: Where to Mine</EM4> in your mobiGlas Journal.\n\nSince this is a purchase order and not a mining contract, you are expected to provide your own equipment, such as a <EM4>~mission(Hint_Tool)</EM4>.\n\nOnce you’re ready to sell us the required materials, deposit them in the freight elevator located at <EM4>~mission(Destination|Address)</EM4>.\n\n*By accepting this contract you are assuming any and all risks associated with the work outlined herein and in no way can Shubin Interstellar be held accountable for any damages accrued during the duration of the contract.
Shubin_Industrial_HandMining_Stanton_VH_Solar_Title_001	XL Purchase Order: Hand Mined Materials	Shubin_Industrial_HandMining_Stanton_VH_Solar_Desc_001	POSTING: Purchase Order\nLOCATION: <EM4>~mission(System) </EM4>\n\nTERMS*: \nShubin Interstellar is currently looking to fulfil another purchase order for rare materials. We appreciate your help in this matter.\n\nThere are only a few known locations where these materials can be sourced, mainly from now defunct Hathor Group sites on <EM4>Daymar and Aberdeen</EM4>. Our suggestion would be to head to the Platform Alignment Facilities (PAF) and attempt to reactivate their Orbital Laser Platform (OLP) to access the materials below the planet's surface.\n\nReminder, since this is a purchase order and not a mining contract, you are expected to provide your own equipment, such as a <EM4>~mission(Hint_Tool)</EM4>.\n\nOnce you’re ready to sell us the required materials, deposit them in the freight elevator located at <EM4>~mission(Destination|Address)</EM4>.\n\n*By accepting this contract you are assuming any and all risks associated with the work outlined herein and in no way can Shubin Interstellar be held accountable for any damages accrued during the duration of the contract.
Shubin_Industrial_ShipMining_Nyx_E_Local_Title_001	Small Purchase Order: Ship Mined Ore	Shubin_Industrial_ShipMining_Nyx_E_Local_Desc_001	POSTING: Purchase Order\nLOCATION: <EM4>~mission(System) </EM4>\n\nTERMS*: \nDue to changes in our sourcing pipeline, Shubin Interstellar is currently looking to purchase a variety of refined materials from independent miners operating in the area. While selling at a trade hub may net you a more competitive price than fulfilling our order, many miners find that strengthening their ties to Shubin to be a wise long-term investment for their career.\n\n~mission(Hint_Location) For a comprehensive list of where to find these minerals, consult <EM4>Mining Fundamentals #2: Where to Mine</EM4> in your mobiGlas Journal. While you're there, feel free to read the first part <EM4>Mining Fundamentals #1: Basic Overview</EM4> if you want a refresher on how to get the materials.\n\nSince this is a purchase order and not a mining contract, you are expected to provide your own equipment, such as a <EM4>~mission(Hint_Tool)</EM4>.\n\nPlease note that in an effort to expedite future use of these materials, <EM4>they must be refined before delivery</EM4>. This can be done at any refinery, the locations of which can be found in your Starmap.\n\nOnce you’re ready to sell us the required refined materials, deposit them in the freight elevator located at <EM4>~mission(Destination|Address)</EM4>.\n\n*By accepting this contract you are assuming any and all risks associated with the work outlined herein and in no way can Shubin Interstellar be held accountable for any damages accrued during the duration of the contract.
Shubin_Industrial_ShipMining_Nyx_H_Secondary_Title_001	Lrg. Purchase Order: Ship Mined Ore	Shubin_Industrial_ShipMining_Nyx_H_Secondary_Desc_001	POSTING: Purchase Order\nLOCATION: <EM4>~mission(System) </EM4>\n\nTERMS*: \nShubin Interstellar is currently looking to fulfil another purchase order for a variety of refined materials. We appreciate your help in this matter.\n\n~mission(Hint_Location) \n\nReminder, all the <EM4>materials must be refined before delivery</EM4>, and since this is a purchase order and not a mining contract, you are expected to provide your own equipment, such as a <EM4>~mission(Hint_Tool)</EM4>.\n\nOnce you’re ready to sell us the required refined materials, deposit them in the freight elevator located at <EM4>~mission(Destination|Address)</EM4>.\n\n*By accepting this contract you are assuming any and all risks associated with the work outlined herein and in no way can Shubin Interstellar be held accountable for any damages accrued during the duration of the contract.
Shubin_Industrial_ShipMining_Nyx_M_Solar_Title_001	Med. Purchase Order: Ship Mined Ore	Shubin_Industrial_ShipMining_Nyx_M_Solar_Desc_001	POSTING: Purchase Order\nLOCATION: <EM4>~mission(System) </EM4>\n\nTERMS*: \nShubin Interstellar is currently looking to fulfil another purchase order for a variety of refined materials. We appreciate your help in this matter.\n\n~mission(Hint_Location) For a comprehensive list of where to find these minerals, consult <EM4>Mining Fundamentals #2: Where to Mine</EM4> in your mobiGlas Journal.\n\nSince this is a purchase order and not a mining contract, you are expected to provide your own equipment, such as a <EM4>~mission(Hint_Tool)</EM4>.\n\nPlease note that in an effort to expedite future use of these materials, <EM4>they must be refined before delivery</EM4>. This can be done at any refinery, the locations of which can be found in your Starmap.\n\nOnce you’re ready to sell us the required refined materials, deposit them in the freight elevator located at <EM4>~mission(Destination|Address)</EM4>.\n\n*By accepting this contract you are assuming any and all risks associated with the work outlined herein and in no way can Shubin Interstellar be held accountable for any damages accrued during the duration of the contract.
Shubin_Industrial_ShipMining_Nyx_S_Secondary_Title_001	Mjr. Purchase Order: Ship Mined Ore	Shubin_Industrial_ShipMining_Nyx_S_Secondary_Desc_001	POSTING: Purchase Order\nLOCATION: <EM4>~mission(System) </EM4>\n\nTERMS*: \nShubin Interstellar is currently looking to fulfil another purchase order for a variety of refined materials. We appreciate your help in this matter.\n\n~mission(Hint_Location) Many of these ores are extremely rare and difficult to find, detectable only when a rock has been cracked open.\n\nReminder, all the <EM4>materials must be refined before delivery</EM4>, and since this is a purchase order and not a mining contract, you are expected to provide your own equipment, such as a <EM4>~mission(Hint_Tool)</EM4>.\n\nOnce you’re ready to sell us the required refined materials, deposit them in the freight elevator located at <EM4>~mission(Destination|Address)</EM4>.\n\n*By accepting this contract you are assuming any and all risks associated with the work outlined herein and in no way can Shubin Interstellar be held accountable for any damages accrued during the duration of the contract.
Shubin_Industrial_ShipMining_Nyx_VE_Local_Title_001	XS Purchase Order: Ship Mined Ore	Shubin_Industrial_ShipMining_Nyx_VE_Local_Desc_001	
Shubin_Industrial_ShipMining_Nyx_VH_Interstellar_Title_001	XL Purchase Order: Ship Mined Ore	Shubin_Industrial_ShipMining_Nyx_VH_Interstellar_Desc_001	POSTING: Purchase Order\nLOCATION: <EM4>~mission(System) </EM4>\n\nTERMS*: \nShubin Interstellar is currently looking to fulfil another purchase order for a variety of refined materials. We appreciate your help in this matter.\n\n~mission(Hint_Location)\n\nReminder, all the <EM4>materials must be refined before delivery</EM4>, and since this is a purchase order and not a mining contract, you are expected to provide your own equipment, such as a <EM4>~mission(Hint_Tool)</EM4>.\n\nOnce you’re ready to sell us the required refined materials, deposit them in the freight elevator located at <EM4>~mission(Destination|Address)</EM4>.\n\n*By accepting this contract you are assuming any and all risks associated with the work outlined herein and in no way can Shubin Interstellar be held accountable for any damages accrued during the duration of the contract.
Shubin_Industrial_ShipMining_Nyx_VH_Secondary_Title_001	XL Purchase Order: Ship Mined Ore	Shubin_Industrial_ShipMining_Nyx_VH_Secondary_Desc_001	POSTING: Purchase Order\nLOCATION: <EM4>~mission(System) </EM4>\n\nTERMS*: \nShubin Interstellar is currently looking to fulfil another purchase order for a variety of refined materials. We appreciate your help in this matter.\n\n~mission(Hint_Location) Many of these ores are extremely rare and difficult to find, detectable only when a rock has been cracked open.\n\nReminder, all the <EM4>materials must be refined before delivery</EM4>, and since this is a purchase order and not a mining contract, you are expected to provide your own equipment, such as a <EM4>~mission(Hint_Tool)</EM4>.\n\nOnce you’re ready to sell us the required refined materials, deposit them in the freight elevator located at <EM4>~mission(Destination|Address)</EM4>.\n\n*By accepting this contract you are assuming any and all risks associated with the work outlined herein and in no way can Shubin Interstellar be held accountable for any damages accrued during the duration of the contract.
Shubin_Industrial_ShipMining_Pyro_E_Local_Title_001	Small Purchase Order: Ship Mined Ore	Shubin_Industrial_ShipMining_Pyro_E_Local_Desc_001	POSTING: Purchase Order\nLOCATION: <EM4>~mission(System) </EM4>\n\nTERMS*: \nDue to changes in our sourcing pipeline, Shubin Interstellar is currently looking to purchase a variety of refined materials from independent miners operating in the area. While selling at a trade hub may net you a more competitive price than fulfilling our order, many miners find that strengthening their ties to Shubin to be a wise long-term investment for their career.\n\n~mission(Hint_Location) For a comprehensive list of where to find these minerals, consult <EM4>Mining Fundamentals #2: Where to Mine</EM4> in your mobiGlas Journal. While you're there, feel free to read the first part <EM4>Mining Fundamentals #1: Basic Overview</EM4> if you want a refresher on how to get the materials.\n\nSince this is a purchase order and not a mining contract, you are expected to provide your own equipment, such as a <EM4>~mission(Hint_Tool)</EM4>.\n\nPlease note that in an effort to expedite future use of these materials, <EM4>they must be refined before delivery</EM4>. This can be done at any refinery, the locations of which can be found in your Starmap.\n\nOnce you’re ready to sell us the required refined materials, deposit them in the freight elevator located at <EM4>~mission(Destination|Address)</EM4>.\n\n*By accepting this contract you are assuming any and all risks associated with the work outlined herein and in no way can Shubin Interstellar be held accountable for any damages accrued during the duration of the contract.
Shubin_Industrial_ShipMining_Pyro_H_PrimarySecondary_Title_001	Lrg. Purchase Order: Ship Mined Ore	Shubin_Industrial_ShipMining_Pyro_H_PrimarySecondary_Desc_001	POSTING: Purchase Order\nLOCATION: <EM4>~mission(System) </EM4>\n\nTERMS*: \nShubin Interstellar is currently looking to fulfil another purchase order for a variety of refined materials. We appreciate your help in this matter.\n\n~mission(Hint_Location) \n\nReminder, all the <EM4>materials must be refined before delivery</EM4>, and since this is a purchase order and not a mining contract, you are expected to provide your own equipment, such as a <EM4>~mission(Hint_Tool)</EM4>.\n\nOnce you’re ready to sell us the required refined materials, deposit them in the freight elevator located at <EM4>~mission(Destination|Address)</EM4>.\n\n*By accepting this contract you are assuming any and all risks associated with the work outlined herein and in no way can Shubin Interstellar be held accountable for any damages accrued during the duration of the contract.
Shubin_Industrial_ShipMining_Pyro_H_Secondary_Title_001	Lrg. Purchase Order: Ship Mined Ore	Shubin_Industrial_ShipMining_Pyro_H_Secondary_Desc_001	POSTING: Purchase Order\nLOCATION: <EM4>~mission(System) </EM4>\n\nTERMS*: \nShubin Interstellar is currently looking to fulfil another purchase order for a variety of refined materials. We appreciate your help in this matter.\n\n~mission(Hint_Location) \n\nReminder, all the <EM4>materials must be refined before delivery</EM4>, and since this is a purchase order and not a mining contract, you are expected to provide your own equipment, such as a <EM4>~mission(Hint_Tool)</EM4>.\n\nOnce you’re ready to sell us the required refined materials, deposit them in the freight elevator located at <EM4>~mission(Destination|Address)</EM4>.\n\n*By accepting this contract you are assuming any and all risks associated with the work outlined herein and in no way can Shubin Interstellar be held accountable for any damages accrued during the duration of the contract.
Shubin_Industrial_ShipMining_Pyro_M_Solar_Title_001	Med. Purchase Order: Ship Mined Ore	Shubin_Industrial_ShipMining_Pyro_M_Solar_Desc_001	POSTING: Purchase Order\nLOCATION: <EM4>~mission(System) </EM4>\n\nTERMS*: \nShubin Interstellar is currently looking to fulfil another purchase order for a variety of refined materials. We appreciate your help in this matter.\n\n~mission(Hint_Location) For a comprehensive list of where to find these minerals, consult <EM4>Mining Fundamentals #2: Where to Mine</EM4> in your mobiGlas Journal.\n\nSince this is a purchase order and not a mining contract, you are expected to provide your own equipment, such as a <EM4>~mission(Hint_Tool)</EM4>.\n\nPlease note that in an effort to expedite future use of these materials, <EM4>they must be refined before delivery</EM4>. This can be done at any refinery, the locations of which can be found in your Starmap.\n\nOnce you’re ready to sell us the required refined materials, deposit them in the freight elevator located at <EM4>~mission(Destination|Address)</EM4>.\n\n*By accepting this contract you are assuming any and all risks associated with the work outlined herein and in no way can Shubin Interstellar be held accountable for any damages accrued during the duration of the contract.
Shubin_Industrial_ShipMining_Pyro_S_Secondary_Title_001	Mjr. Purchase Order: Ship Mined Ore	Shubin_Industrial_ShipMining_Pyro_S_Secondary_Desc_001	POSTING: Purchase Order\nLOCATION: <EM4>~mission(System) </EM4>\n\nTERMS*: \nShubin Interstellar is currently looking to fulfil another purchase order for a variety of refined materials. We appreciate your help in this matter.\n\n~mission(Hint_Location) Many of these ores are extremely rare and difficult to find, detectable only when a rock has been cracked open.\n\nReminder, all the <EM4>materials must be refined before delivery</EM4>, and since this is a purchase order and not a mining contract, you are expected to provide your own equipment, such as a <EM4>~mission(Hint_Tool)</EM4>.\n\nOnce you’re ready to sell us the required refined materials, deposit them in the freight elevator located at <EM4>~mission(Destination|Address)</EM4>.\n\n*By accepting this contract you are assuming any and all risks associated with the work outlined herein and in no way can Shubin Interstellar be held accountable for any damages accrued during the duration of the contract.
Shubin_Industrial_ShipMining_Pyro_VH_Secondary_Title_001	XL Purchase Order: Ship Mined Ore	Shubin_Industrial_ShipMining_Pyro_VH_Secondary_Desc_001	POSTING: Purchase Order\nLOCATION: <EM4>~mission(System) </EM4>\n\nTERMS*: \nShubin Interstellar is currently looking to fulfil another purchase order for a variety of refined materials. We appreciate your help in this matter.\n\n~mission(Hint_Location) Many of these ores are extremely rare and difficult to find, detectable only when a rock has been cracked open.\n\nReminder, all the <EM4>materials must be refined before delivery</EM4>, and since this is a purchase order and not a mining contract, you are expected to provide your own equipment, such as a <EM4>~mission(Hint_Tool)</EM4>.\n\nOnce you’re ready to sell us the required refined materials, deposit them in the freight elevator located at <EM4>~mission(Destination|Address)</EM4>.\n\n*By accepting this contract you are assuming any and all risks associated with the work outlined herein and in no way can Shubin Interstellar be held accountable for any damages accrued during the duration of the contract.
Shubin_Industrial_ShipMining_S_Org_Title_001	Special Purchase Order: Mined Materials	Shubin_Industrial_ShipMining_S_Org_Desc_001	POSTING: Purchase Order\nLOCATION: <EM4>~mission(System) </EM4>\n\nTERMS*: \nShubin Interstellar is currently looking to fulfil another purchase order for a variety of refined materials. This purchase order is more complex than typical, requiring multiple mining methods, but since you've proven your skill thus far, we think you and your team are up for the challenge.\n\nReminder, <EM4>materials must be refined before delivery</EM4>, and since this is a purchase order and not a mining contract, you are expected to provide your own equipment, such as a <EM4>~mission(Hint_Tool)</EM4>.\n\nOnce you’re ready to sell us the required materials, deposit them in the freight elevator located at <EM4>~mission(Destination|Address)</EM4>.\n\n*By accepting this contract you are assuming any and all risks associated with the work outlined herein and in no way can Shubin Interstellar be held accountable for any damages accrued during the duration of the contract.
Shubin_Industrial_ShipMining_Stanton_E_Local_Title_001	Small Purchase Order: Ship Mined Ore	Shubin_Industrial_ShipMining_Stanton_E_Local_Desc_001	POSTING: Purchase Order\nLOCATION: <EM4>~mission(System) </EM4>\n\nTERMS*: \nDue to changes in our sourcing pipeline, Shubin Interstellar is currently looking to purchase a variety of refined materials from independent miners operating in the area. While selling at a trade hub may net you a more competitive price than fulfilling our order, many miners find that strengthening their ties to Shubin to be a wise long-term investment for their career.\n\n~mission(Hint_Location) For a comprehensive list of where to find these minerals, consult <EM4>Mining Fundamentals #2: Where to Mine</EM4> in your mobiGlas Journal. While you're there, feel free to read the first part <EM4>Mining Fundamentals #1: Basic Overview</EM4> if you want a refresher on how to get the materials.\n\nSince this is a purchase order and not a mining contract, you are expected to provide your own equipment, such as a <EM4>~mission(Hint_Tool)</EM4>.\n\nPlease note that in an effort to expedite future use of these materials, <EM4>they must be refined before delivery</EM4>. This can be done at any refinery, the locations of which can be found in your Starmap.\n\nOnce you’re ready to sell us the required refined materials, deposit them in the freight elevator located at <EM4>~mission(Destination|Address)</EM4>.\n\n*By accepting this contract you are assuming any and all risks associated with the work outlined herein and in no way can Shubin Interstellar be held accountable for any damages accrued during the duration of the contract.
Shubin_Industrial_ShipMining_Stanton_H_PrimarySecondary_Title_001	Lrg. Purchase Order: Ship Mined Ore	Shubin_Industrial_ShipMining_Stanton_H_PrimarySecondary_Desc_001	POSTING: Purchase Order\nLOCATION: <EM4>~mission(System) </EM4>\n\nTERMS*: \nShubin Interstellar is currently looking to fulfil another purchase order for a variety of refined materials. We appreciate your help in this matter.\n\n~mission(Hint_Location) \n\nReminder, all the <EM4>materials must be refined before delivery</EM4>, and since this is a purchase order and not a mining contract, you are expected to provide your own equipment, such as a <EM4>~mission(Hint_Tool)</EM4>.\n\nOnce you’re ready to sell us the required refined materials, deposit them in the freight elevator located at <EM4>~mission(Destination|Address)</EM4>.\n\n*By accepting this contract you are assuming any and all risks associated with the work outlined herein and in no way can Shubin Interstellar be held accountable for any damages accrued during the duration of the contract.
Shubin_Industrial_ShipMining_Stanton_H_Secondary_Interstellar_Title_001	Lrg. Purchase Order: Ship Mined Ore	Shubin_Industrial_ShipMining_Stanton_H_Secondary_Interstellar_Desc_001	POSTING: Purchase Order\nLOCATION: <EM4>~mission(System) </EM4>\n\nTERMS*: \nShubin Interstellar is currently looking to fulfil another purchase order for a variety of refined materials. We appreciate your help in this matter.\n\n~mission(Hint_Location) Many of these ores are extremely rare and difficult to find, detectable only when a rock has been cracked open.\n\nReminder, all the <EM4>materials must be refined before delivery</EM4>, and since this is a purchase order and not a mining contract, you are expected to provide your own equipment, such as a <EM4>~mission(Hint_Tool)</EM4>.\n\nOnce you’re ready to sell us the required refined materials, deposit them in the freight elevator located at <EM4>~mission(Destination|Address)</EM4>.\n\n*By accepting this contract you are assuming any and all risks associated with the work outlined herein and in no way can Shubin Interstellar be held accountable for any damages accrued during the duration of the contract.
Shubin_Industrial_ShipMining_Stanton_H_Secondary_Title_001	Lrg. Purchase Order: Ship Mined Ore	Shubin_Industrial_ShipMining_Stanton_H_Secondary_Desc_001	POSTING: Purchase Order\nLOCATION: <EM4>~mission(System) </EM4>\n\nTERMS*: \nShubin Interstellar is currently looking to fulfil another purchase order for a variety of refined materials. We appreciate your help in this matter.\n\n~mission(Hint_Location) \n\nReminder, all the <EM4>materials must be refined before delivery</EM4>, and since this is a purchase order and not a mining contract, you are expected to provide your own equipment, such as a <EM4>~mission(Hint_Tool)</EM4>.\n\nOnce you’re ready to sell us the required refined materials, deposit them in the freight elevator located at <EM4>~mission(Destination|Address)</EM4>.\n\n*By accepting this contract you are assuming any and all risks associated with the work outlined herein and in no way can Shubin Interstellar be held accountable for any damages accrued during the duration of the contract.
Shubin_Industrial_ShipMining_Stanton_M_Solar_Title_001	Med. Purchase Order: Ship Mined Ore	Shubin_Industrial_ShipMining_Stanton_M_Solar_Desc_001	POSTING: Purchase Order\nLOCATION: <EM4>~mission(System) </EM4>\n\nTERMS*: \nShubin Interstellar is currently looking to fulfil another purchase order for a variety of refined materials. We appreciate your help in this matter.\n\n~mission(Hint_Location) For a comprehensive list of where to find these minerals, consult <EM4>Mining Fundamentals #2: Where to Mine</EM4> in your mobiGlas Journal.\n\nSince this is a purchase order and not a mining contract, you are expected to provide your own equipment, such as a <EM4>~mission(Hint_Tool)</EM4>.\n\nPlease note that in an effort to expedite future use of these materials, <EM4>they must be refined before delivery</EM4>. This can be done at any refinery, the locations of which can be found in your Starmap.\n\nOnce you’re ready to sell us the required refined materials, deposit them in the freight elevator located at <EM4>~mission(Destination|Address)</EM4>.\n\n*By accepting this contract you are assuming any and all risks associated with the work outlined herein and in no way can Shubin Interstellar be held accountable for any damages accrued during the duration of the contract.
Shubin_Industrial_ShipMining_Stanton_S_Secondary_Title_001	Mjr. Purchase Order: Ship Mined Ore	Shubin_Industrial_ShipMining_Stanton_S_Secondary_Desc_001	POSTING: Purchase Order\nLOCATION: <EM4>~mission(System) </EM4>\n\nTERMS*: \nShubin Interstellar is currently looking to fulfil another purchase order for a variety of refined materials. We appreciate your help in this matter.\n\n~mission(Hint_Location) Many of these ores are extremely rare and difficult to find, detectable only when a rock has been cracked open.\n\nReminder, all the <EM4>materials must be refined before delivery</EM4>, and since this is a purchase order and not a mining contract, you are expected to provide your own equipment, such as a <EM4>~mission(Hint_Tool)</EM4>.\n\nOnce you’re ready to sell us the required refined materials, deposit them in the freight elevator located at <EM4>~mission(Destination|Address)</EM4>.\n\n*By accepting this contract you are assuming any and all risks associated with the work outlined herein and in no way can Shubin Interstellar be held accountable for any damages accrued during the duration of the contract.
Shubin_Industrial_ShipMining_Stanton_VE_Local_Title_001	XS Purchase Order: Ship Mined Ore	Shubin_Industrial_ShipMining_Stanton_VE_Local_Desc_001	
Shubin_Industrial_ShipMining_Stanton_VH_Interstellar_Title_001	XL Purchase Order: Ship Mined Ore	Shubin_Industrial_ShipMining_Stanton_VH_Interstellar_Desc_001	POSTING: Purchase Order\nLOCATION: <EM4>~mission(System) </EM4>\n\nTERMS*: \nShubin Interstellar is currently looking to fulfil another purchase order for a variety of refined materials. We appreciate your help in this matter.\n\n~mission(Hint_Location)\n\nReminder, all the <EM4>materials must be refined before delivery</EM4>, and since this is a purchase order and not a mining contract, you are expected to provide your own equipment, such as a <EM4>~mission(Hint_Tool)</EM4>.\n\nOnce you’re ready to sell us the required refined materials, deposit them in the freight elevator located at <EM4>~mission(Destination|Address)</EM4>.\n\n*By accepting this contract you are assuming any and all risks associated with the work outlined herein and in no way can Shubin Interstellar be held accountable for any damages accrued during the duration of the contract.
Shubin_Industrial_ShipMining_Stanton_VH_Secondary_Interstellar_Title_001	XL Purchase Order: Ship Mined Ore	Shubin_Industrial_ShipMining_Stanton_VH_Secondary_Interstellar_Desc_001	POSTING: Purchase Order\nLOCATION: <EM4>~mission(System) </EM4>\n\nTERMS*: \nShubin Interstellar is currently looking to fulfil another purchase order for a variety of refined materials. We appreciate your help in this matter.\n\n~mission(Hint_Location) Many of these ores are extremely rare and difficult to find, detectable only when a rock has been cracked open.\n\nReminder, all the <EM4>materials must be refined before delivery</EM4>, and since this is a purchase order and not a mining contract, you are expected to provide your own equipment, such as a <EM4>~mission(Hint_Tool)</EM4>.\n\nOnce you’re ready to sell us the required refined materials, deposit them in the freight elevator located at <EM4>~mission(Destination|Address)</EM4>.\n\n*By accepting this contract you are assuming any and all risks associated with the work outlined herein and in no way can Shubin Interstellar be held accountable for any damages accrued during the duration of the contract.
Shubin_Industrial_ShipMining_Stanton_VH_Secondary_Title_001	XL Purchase Order: Ship Mined Ore	Shubin_Industrial_ShipMining_Stanton_VH_Secondary_Desc_001	POSTING: Purchase Order\nLOCATION: <EM4>~mission(System) </EM4>\n\nTERMS*: \nShubin Interstellar is currently looking to fulfil another purchase order for a variety of refined materials. We appreciate your help in this matter.\n\n~mission(Hint_Location) Many of these ores are extremely rare and difficult to find, detectable only when a rock has been cracked open.\n\nReminder, all the <EM4>materials must be refined before delivery</EM4>, and since this is a purchase order and not a mining contract, you are expected to provide your own equipment, such as a <EM4>~mission(Hint_Tool)</EM4>.\n\nOnce you’re ready to sell us the required refined materials, deposit them in the freight elevator located at <EM4>~mission(Destination|Address)</EM4>.\n\n*By accepting this contract you are assuming any and all risks associated with the work outlined herein and in no way can Shubin Interstellar be held accountable for any damages accrued during the duration of the contract.
Shubin_Industrial_ShipMining_VH_Org_Title_001	Special Purchase Order: Mined Materials	Shubin_Industrial_ShipMining_VH_Org_Desc_001	POSTING: Purchase Order\nLOCATION: <EM4>~mission(System) </EM4>\n\nTERMS*: \nShubin Interstellar is currently looking to fulfil another purchase order for a variety of refined materials. This purchase order is more complex than typical, requiring multiple mining methods, but since you've proven your skill thus far, we think you and your team are up for the challenge.\n\nReminder, <EM4>materials must be refined before delivery</EM4>, and since this is a purchase order and not a mining contract, you are expected to provide your own equipment, such as a <EM4>~mission(Hint_Tool)</EM4>.\n\nOnce you’re ready to sell us the required materials, deposit them in the freight elevator located at <EM4>~mission(Destination|Address)</EM4>.\n\n*By accepting this contract you are assuming any and all risks associated with the work outlined herein and in no way can Shubin Interstellar be held accountable for any damages accrued during the duration of the contract.
Shubin_Rockcracker_CollectLenses_Title_001	Supply Order: Sadaryx Focus Lenses	Shubin_Rockcracker_CollectLenses_Desc_001	
shubin_rockcracker_pvp_title_01	QV Breaker Station Mining Rights (Shared)		
shubin_rockcracker_pvp_title_specific_02	QV Breaker Station BRK-320 Mining Rights (Shared)		
shubin_rockcracker_pvp_title_specific_03	QV Breaker Station BRK-546 Mining Rights (Shared)		
shubin_rockcracker_pvp_title_specific_04	QV Breaker Station BRK-127 Mining Rights (Shared)		
shubin_rockcracker_pvp_title_specific_05	QV Breaker Station BRK-425 Mining Rights (Shared)		
shubin_rockcracker_pvp_title_specific_06	QV Breaker Station BRK-608 Mining Rights (Shared)		
shubin_rockcracker_pvp_title_specific_07	QV Breaker Station BRK-267 Mining Rights (Shared)		
shubin_rockcracker_pvp_title_specific_08	QV Breaker Station BRK-235 Mining Rights (Shared)		
shubin_rockcracker_pvp_title_specific_09	QV Breaker Station BRK-304 Mining Rights (Shared)		
shubin_rockcracker_pvp_title_specific_10	QV Breaker Station BRK-521 Mining Rights (Shared)		
shubin_rockcracker_pvp_title_specific_11	QV Breaker Station BRK-985 Mining Rights (Shared)		
shubin_rockcracker_pvp_title_specific_12	QV Breaker Station BRK-542 Mining Rights (Shared)		
shubin_rockcracker_pvp_title_specific_13	QV Breaker Station BRK-184 Mining Rights (Shared)		
shubin_rockcracker_pvp_title_specific_14	QV Breaker Station BRK-970 Mining Rights (Shared)		
shubin_rockcracker_pvp_title_specific_15	QV Breaker Station BRK-879 Mining Rights (Shared)		
shubin_rockcracker_pvp_title_specific_16	QV Breaker Station BRK-563 Mining Rights (Shared)		
shubin_rockcracker_pvp_title_specific_17	QV Breaker Station BRK-782 Mining Rights (Shared)		
shubin_rockcracker_pvp_title_specific_18	QV Breaker Station BRK-711 Mining Rights (Shared)		
shubin_rockcracker_pvp_title_specific_19	QV Breaker Station BRK-284 Mining Rights (Shared)		
shubin_rockcracker_pvp_title_specific_20	QV Breaker Station BRK-437 Mining Rights (Shared)		
shubin_rockcracker_pvp_title_specific_21	QV Breaker Station BRK-630 Mining Rights (Shared)		
shubin_rockcracker_pvp_title_specific_22	QV Breaker Station BRK-892 Mining Rights (Shared)		
shubin_rockcracker_pvp_title_specific_23	QV Breaker Station BRK-597 Mining Rights (Shared)		
shubin_rockcracker_pvp_title_specific_24	QV Breaker Station BRK-110 Mining Rights (Shared)		
shubin_rockcracker_pvp_title_specific_25	QV Breaker Station BRK-913 Mining Rights (Shared)		
shubin_rockcracker_pvp_title_specific_26	QV Breaker Station BRK-864 Mining Rights (Shared)		
shubin_rockcracker_pvp_title_specific_27	QV Breaker Station BRK-529 Mining Rights (Shared)		
shubin_rockcracker_pvp_title_specific_28	QV Breaker Station BRK-709 Mining Rights (Shared)		
shubin_rockcracker_pvp_title_specific_29	QV Breaker Station BRK-766 Mining Rights (Shared)		
shubin_rockcracker_pvp_title_specific_30	QV Breaker Station BRK-223 Mining Rights (Shared)		
shubin_rockcracker_solo_title_01	QV Breaker Station Mining Rights (Exclusive)		
Tarpits_assassinate_dc_title_001	Scrap ~mission(TargetName)	Tarpits_assassinate_dc_desc_001	I ain’t got time to waste so I’ll get straight to the point - ~mission(TargetName) needs to be dead and I want you to do it. You can find them over near the ~mission(Location) at ~mission(Location|address). They won’t be alone, but don’t get distracted by those other useless piles. You only get paid for taking out ~mission(TargetName|Last).
Tarpits_destroyitem_dc_title_001	Demolition Mission	Tarpits_destroyitem_dc_desc_001	I’m looking to send a strong message to the crew over at ~mission(Location|Address) and know the perfect way to do it - property damage.\n\nAll you need to do is head on over, destroy a few things here and there, and really drive home an important lesson about respecting your betters. \n\nDo that for me and I’ll be feeling very happy. And generous.\n\nInterested?\n
Tarpits_theft_mines_dc_title_001	Dangerous Take	Tarpits_theft_mines_dc_desc_001	I was hopin’ you’d be interested in pulling a little job for us. Got some goods over at ~mission(Location|Address) that are just right for the taking. Only problem is – and it’s a big one – the bastards running the place have the whole area rigged with proximity mines. \n\nYou’ll need to find someway through, or if you can’t be bothered, someway to trigger the lot. Either way, just try not to blow yourself up. Then you just need to grab the stuff and take it over to ~mission(Destination|Address).\n\nIt won’t be easy to pull off, but if you do, I promise I’ll make it worth your while.\n
Test_Title_Revenge_01	Revenge 01 (WIP)	Test_Description	Mission description (WIP)
TheCollector_Conversion_Favors_Title	Turn Things to Favor		
TheCollector_Conversion_Favors_Title_1	Trade Merc Scrip for Favors?	TheCollector_Conversion_Favors_Desc_1	Wikelo has another way to get <EM4>favors</EM4> if you interested. \n\nYour Mercenary souli has <EM4>scrip</EM4> metal, used like favors, but made of very interesting metal that Wikelo need for new project.\n\nIf you bring scrips to <EM4>~mission(destination|ListAll)</EM4>, will trade for favor.\n\nBye.
TheCollector_Conversion_Favors_Title_2	Trade Council Scrip for Favors?	TheCollector_Conversion_Favors_Desc_2	If you want other way to get <EM4>favors</EM4> from Wikelo, have thing for you. Wikelo have need for <EM4>scrip</EM4> given out by Council group. Wikelo not part of thief souli, but has business from time to time.\n\nIf you bring scrips to <EM4>~mission(destination|ListAll)</EM4>, will trade for favor.\n\nBye.
TheCollector_Conversion_Favors_Title_3	Trade Worm Parts for Favors?	TheCollector_Conversion_Favors_Desc_3	Have new way to get <EM4>favors</EM4> from Wikelo. Hear much about worm things in radiation storms. Made up of many interesting parts that Wikelo find use for. \n\nIf you bring parts to <EM4>~mission(destination|ListAll)</EM4>, will trade for favor.\n\nBye.
TheCollector_Conversion_SpecialFavors_Title	Want Polaris? Need something special.		
TheCollector_Intro_Title	Wikelo Arrive to System		
TheCollector_Lunch_Title	Very Hungry		
TheCollector_Menu_Title_DesertArm	Look at desert but don't see you	TheCollector_Menu_Desc_DesertArm	You in hot desert doing things. Need to be sneaky. Don't want seen. Understand. Wikelo give you armor that make you sneaky in sand.\n\nBring things to <EM4>~mission(destination|ListAll)</EM4> and I will make. Easy.\n\nBye.
TheCollector_Menu_Title_DesertVolt	Make gun sandy	TheCollector_Menu_Desc_DesertVolt	Wikelo can make new VOLT gun look like sand mound. Very sneaky in desert. \n\nBring things to <EM4>~mission(destination|ListAll)</EM4> and Wikelo will do.\n\nBye.
TheCollector_Menu_Title_JungleArm	Want armor look like tree?	TheCollector_Menu_Desc_JungleArm	Hello. You walk in woods but not want people to know? Wikelo have armor for you. \n\nIf you bring to <EM4>~mission(destination|ListAll)</EM4>, you can get.\n\nInterest?
TheCollector_Menu_Title_JungleVolt	Zappy gun more woodlike	TheCollector_Menu_Desc_JungleVolt	Wikelo hearing about new type of energy weapon by VOLT souli. Hit very hard. If you want, Wikelo can make gun look even better. It found in storm, it shoot storm, but Wikelo make it look woodier. Drop in forest? It gone.\n\nBring things to <EM4>~mission(destination|ListAll)</EM4> and Wikelo will do.\n\nBye.
TheCollector_Menu_Title_NavyArm	Make space navy armor	TheCollector_Menu_Desc_NavyArm	Know you humans like your navy. Wikelo understand. Very big ships. Powerful too. Wikelo can give armor set that look like navy color. Very easy to make. \n\nSee what Wikelo need, get and bring to <EM4>~mission(destination|ListAll)</EM4> and it will be yours.\n\nWikelo
TheCollector_Menu_Title_NavyVolt	Volt gun more Navy-like	TheCollector_Menu_Desc_NavyVolt	Wikelo hearing about new energy weapon by VOLT souli. If you want, Wikelo can make gun look better. It found in storm, it shoot storm, but Wikelo make it better for people who like human navy.\n\nBring things to <EM4>~mission(destination|ListAll)</EM4> and Wikelo will do.\n\nBye.
TheCollector_Menu_Title_PolarisShip	Now make Polaris. Short Time Deal.	TheCollector_Menu_Desc_PolarisShip	Wikelo recently get many blueprints in trade with human who not very smart. Now can make very big ship. \n\nNot cheap and need many pieces but will make. If you want, go quick, this cost much to Wikelo so won't be able to do for long but I like new Human system so I want to thank you all for welcome.\n\nBring to <EM4>~mission(destination|ListAll)</EM4> if want.\n\nBye.
TheCollector_Recipes_Title_ApolloSkin	Red Fight Apollo	TheCollector_Recipes_Desc_ApolloSkin	Apollo very good ship. Would be much better if ship was red. Wikelo make all things possible. You trade for what I want and we have a deal.
TheCollector_Recipes_Title_AtlsJump	Make jumpy ATLS shoot	TheCollector_Recipes_Desc_AtlsJump	Find very fun piece to add to big human suit that let you jump very high. Now you shoot and jump. Exciting.\n\nIf you want, bring me these to <EM4>~mission(destination|ListAll)</EM4>. Will make.\n\nWikelo
TheCollector_Recipes_Title_AtlsPew	Make ATLS shoot	TheCollector_Recipes_Desc_AtlsPew	Hello. Know you human like strange metal suit. How about metal suit with ikti? Sorry, ikti is Banu word, you call it 'gun.' \n\nIf want, bring things I say and I will make for you. Gun will shoot. Cause many damage.\n\nBye.
TheCollector_Recipes_Title_Battle	Test Armor	TheCollector_Recipes_Desc_Battle	Bring me armor and other things and I give you special test armor. First version. Very special. Bring and I give. Bye.
TheCollector_Recipes_Title_BigBooma	Curious Weapon	TheCollector_Recipes_Desc_BigBooma	Wikelo find very strange but functional weapon while wandering through your systems. It very simple but very effective. If you bring me things, I show you what I do to it.\n\nVery fun.
TheCollector_Recipes_Title_Bino	Want Better Eyes?	TheCollector_Recipes_Desc_Bino	Wikelo has best eyes for seeing far away. I give to you if you give me
TheCollector_Recipes_Title_F55	F55 Look Better	TheCollector_Recipes_Desc_F55	Sometimes you shoot people, but if you are last thing they see before dead gun should look amazing, right? Wikelo will make your gun look much better. Bring me items I need and then I give you the gun. Bye.
TheCollector_Recipes_Title_GMNI_Shotgun	Red Fight Shotgun	TheCollector_Recipes_Desc_GMNI_Shotgun	Shooting can be messy. Red Human Blood everywhere. Not a problem with this shotgun. Splashes blends right in! I give it to you if you give me everything I want on list. Good trade.
TheCollector_Recipes_Title_HeavyUtil	Shiny Builder Suit	TheCollector_Recipes_Desc_HeavyUtil	You need utility suit. Good for work. If you like, Wikelo can make shinier. Look real good. See what Wikelo need and bring.
TheCollector_Recipes_Title_Hush	Hide Snow Suit	TheCollector_Recipes_Desc_Hush	You want be hidden. Wikelo understand. Not ask questions why. But what do when you in snow? Wikelo have suit for that.\n\nWelcome.
TheCollector_Recipes_Title_IrrArm	Make glowy armor	TheCollector_Recipes_Desc_IrrArm	Wikelo had exciting idea during brief work rest. Was thinking about the little glow worms in Pyro and saw armor get changed to look like.\n\nIf you get me parts, bring to <EM4>~mission(destination|ListAll)</EM4> and will make for you then you can glow too.\n\nBye.
TheCollector_Recipes_Title_KopSkull	Fun Kopion Skull Gun	TheCollector_Recipes_Desc_KopSkull	Hello. Can make fun change to gun if you want. Use kopion skin for pattern and little skull dangle. Very effective. Shoot much better.\n\nAll you need is bring me parts to <EM4>~mission(destination|ListAll)</EM4> and will make. \n\nBye.
TheCollector_Recipes_Title_KopTooth	Fun Kopion Tooth Gun	TheCollector_Recipes_Desc_KopTooth	Hello. Can make fun change to gun if you want. If you no like saying it not baby skull, have other choice. Use kopion skin for pattern but use tooth instead dangle. Still effective and shoot better.\n\nBring parts to <EM4>~mission(destination|ListAll)</EM4> and will make. \n\nBye.
TheCollector_Recipes_Title_L22Wolf	Extra Special Wolf	TheCollector_Recipes_Desc_L22Wolf	Wikelo very excited. Have idea for new material. But making it is most tricky. Very complicated. Need help fabricating a test sample. I give you blueprint, you make, bring to me, and I will trade. Give you extra special L-22 Wolf. Very powerful, very wolf.
TheCollector_Recipes_Title_LotsOfZipZap	Heavy VOLT Zapper	TheCollector_Recipes_Desc_LotsOfZipZap	You need useful weapon. Yes, yes, understand. Wikelo make useful weapon more beautiful too. You see things I need. You bring? I do.\n\nBye.
TheCollector_Recipes_Title_MiltSkull	Fun Military Skull Gun	TheCollector_Recipes_Desc_MiltSkull	Hello. Can do version of gun if you kopion soldier. Make material like soldier camouflage but with dead skull on front. Gun shoot better too.\n\nIf want, bring part to <EM4>~mission(destination|ListAll)</EM4> and will make.
TheCollector_Recipes_Title_MiltTooth	Fun Military Tooth Gun	TheCollector_Recipes_Desc_MiltTooth	Wikelo here with another way to play with type of gun. Make look like more of your soldier gun, but with kopion tooth dangle. Very nasty indeed.\n\nIf want, bring part to <EM4>~mission(destination|ListAll)</EM4> and will make.\n\nBye.
TheCollector_Recipes_Title_Molten	Do Lava Suit	TheCollector_Recipes_Desc_Molten	If you have armor, Wikelo can make it look warm. Good look for useful armor. Bring me things and will do.
TheCollector_Recipes_Title_NoneAR	Your Best Shot 	TheCollector_Recipes_Desc_NoneAR	This rifle is very good at shooting, but could have nicer design. Wikelo fix. Looks very nice now. Give to you for trade. Bring me things, I give you rifle. Even give you blueprint if you need.
TheCollector_Recipes_Title_NonePistol	Hot Shot	TheCollector_Recipes_Desc_NonePistol	You need a good weapon, yes? Have one for you. Small but powerful. Like an extra spicy balalu pepper. Wikelo make this pistol look extra spicy too. You bring things I need and I do a trade.\n\nBye.
TheCollector_Recipes_Title_RedHunterArmor	Red Fight Armor	TheCollector_Recipes_Desc_RedHunterArmor	Wikelo hear that Humans think red is the color of passion and anger. This armor good for both. You give me items on list and this red armor is yours.
TheCollector_Recipes_Title_SandArmour	Armor with horn and string	TheCollector_Recipes_Desc_SandArmour	Hello, know many humans want saldynium for regen problem. Credits good, yes, but Wikelo can use that, kopion horn, and other things to make special armor. \n\nOnce done, you be very tough. Very scary.\n\nYou see items needed. Bring to <EM4>~mission(destination|ListAll)</EM4> and I make for you.\n\nBye.
TheCollector_Recipes_Title_SlimyLMG	Yormandi Gun	TheCollector_Recipes_Desc_SlimyLMG	This gun has picture of amazing creature on side. Use it and it make you big and strong like Yormandi. Spit lightning. Bring my items and then you get it. Bye.
TheCollector_Recipes_Title_SpikeyArmor	Armor with Vanduul	TheCollector_Recipes_Desc_SpikeyArmor	Vanduul have strange ways. I never talk to them, old souli used to, but not Wikelo. Anyway, though not friendly, they make interesting thing. If you like, Wikelo can make you look more like.\n\nBring things. Will do.\n\nBye.
TheCollector_Recipes_Title_VGLflightsuit	Suit Up Take Off	TheCollector_Recipes_Desc_VGLflightsuit	Ships have big windows. Everyone can see you flying. You should look the best. Wikelo has very good flight suit for you. Do trade, bring me what I need and Wikelo give suit. Give blueprint as well if you do not have. 
TheCollector_Recipes_Title_VoltThwack	Make VOLT shotgun angrier	TheCollector_Recipes_Desc_VoltThwack	You feel like gun not angry enough? VOLT shotgun very powerful, very dangerous, but not scary? Bring to me. Can make very scary and angry.\n\nThey respect you then. Bring to <EM4>~mission(destination|ListAll)</EM4> and we make.\n\nBye.
TheCollector_Recipes_Title_ZipZap	Snow Snipe	TheCollector_Recipes_Desc_ZipZap	Want to shoot long away and stay hiding. But it snowing? Wikelo have gun for you.\n\nBring things. I give.\n\nBye.
TheCollector_Ships_Anvil_Asgard_Title	Asgard Fight Mod		
TheCollector_Ships_ARGO_Raft_Title	Ready for RAFT? 		
TheCollector_Ships_Constellation_Taurus_TItle	Want Taurus ship		
TheCollector_Ships_Crusader_A2_Title	Starlifter A2 War Mod		
TheCollector_Ships_Drake_Golem_Title	Golem Rocks		
TheCollector_Ships_F7_MK2_TItle	Wikelo Navy F7		
TheCollector_Ships_F8C_Milt_TItle	F8 War Mod		
TheCollector_Ships_F8C_Stealth_TItle	Sneaky Stabber		
TheCollector_Ships_Firebird_TItle	Firebird Mod		
TheCollector_Ships_Fortune_Indus_TItle	Fortune ship for you		
TheCollector_Ships_Guardian_TItle	Guardian Fight Mod		
TheCollector_Ships_GuardianMX_Title	Guardian WiK-X		
TheCollector_Ships_GuardianQI_TItle	Guardian take down ship		
TheCollector_Ships_Idris_Title	Special Idris For Killing		
TheCollector_Ships_Intrepid_TItle	Upgrade Intrepid		
TheCollector_Ships_Kruger_Wolf_Title	Where Wolf? Here Wolf		
TheCollector_Ships_Meteor_Title	RSI Meteor Mod		
TheCollector_Ships_MISC_Prospector_Title	Prospects Look Good		
TheCollector_Ships_Nox_TItle	Noxy Mod		
TheCollector_Ships_Peregrine_TItle	Peregrine Wikelo Mod		
TheCollector_Ships_Prowler_Util_Title	Prowler More Utility		
TheCollector_Ships_Pulse_TItle	Pulse Plus		
TheCollector_Ships_Scorpius_TItle	Build a Mod Scorpius		
TheCollector_Ships_Spirit_C1_TItle	Spirit Cargo mod		
TheCollector_Ships_Starfighter_Inferno_Title	Starfighter Inferno Special		
TheCollector_Ships_Starfighter_Ion_Title	Sneaky Starfighter Ion		
TheCollector_Ships_Starlancer_ATC_Title	New Move Big Starlancer Ship		
TheCollector_Ships_Starlift_Max_TItle	More than a Max		
TheCollector_Ships_Terrapin_Medic_Title	What is Terrapin?		
TheCollector_Ships_Ursa_TItle	Make a Ursa Mod		
TheCollector_Ships_Wolf_Unique_Title	Most Special Wolf		
TheCollector_Ships_ZeusCL_TItle	Zeus Cargo Special		
TheCollector_Ships_ZeusES_TItle	Zeus Special		
TheCollector_Trade_GG_Coda_Name	Fix up Coda gun		
TheCollector_Trade_GG_ExpolrationSuit_Name	Walk in danger. Look good.		
TheCollector_Trade_GG_Karna_Name	Prettify Karna Gun		
TheCollector_Trade_GG_S71_Name	Built on S71 rifle		
TheCollector_Trade_GG_VentureSuilt_Name	Adventure a A-Venture		
TheCollector_Trade_GG_XanthuleSuit_Name	Xi'an Xanthule Suit made better		
Tutorial01_MissionTitle	Tutorial - Your First Steps	Tutorial01_MissionDesc	Congratulations on taking your first steps into the universe!\n\nOver the course of this tutorial, you’ll learn how to get around both on foot and in space. \n\nFirst up is helping you familiarize yourself with some basic movement controls and the use of your mobiGlas while still inside your “Hab” (or habitation). Follow the objectives and hints on your HUD (heads-up display) to proceed through this mission.
Tutorial02_MissionTitle	Tutorial - Your First Outing	Tutorial02_MissionDesc	Well done!\n\nWith the first part behind you, you should now have some basic familiarity with the movement controls, managing your hunger and thirst, and some of the core functionality of your mobiGlas – namely the Contract Manager and your Journal.\n\nThis next section will help you familiarize yourself with ~mission(Location|Name) and take you to visit ~mission(StoreName), a weapons store here in ~mission(Location|Name).\n\nYou can shop there, and at other stores like it, using United Earth Credits (UEC). During the Alpha phase of Star Citizen’s development, we will be using a currency called aUEC (Alpha United Earth Credits). This is a temporary currency specifically designed for testing the in-game economy and balance.  
Tutorial03_MissionTitle	Tutorial - Your First Flight	Tutorial03_MissionDesc	You’re almost through with the tutorial. All that remains is to take flight!\n\nWith your business in ~mission(Location|Name) finished, it’s time to leave the city – and eventually the planet. Make your way to the ~mission(TransitNameShort) transit shuttles. These shuttles can take you all around ~mission(Location|Name) – but your destination is the spaceport, where an Anvil C8 Pisces has been temporarily provided for you.\n\nThis snub scouting ship is a great starter vessel, perfect for new pilots looking to get their wings.
UDM_courier_dc_small_title_001	UDM Local Shipment Route	UDM_courier_fromdc_med_desc_001	Greetings Qualified Shipping Partner!\n\nToday’s the perfect day to gain some additional firsthand shipping experience.\n\nIf you have a ship with adequate storage, there are a fair number of packages in the ~mission(Pickup1) at ~mission(Pickup1|Address) ready to be delivered. \n\nTalk about a great opportunity for career growth.\n\nPACKAGES FOR PICK UP \n     · All Packages in the <EM4>~mission(Pickup1)</EM4> at <EM4>~mission(Pickup1|Address)</EM4>\n\nDROP OFF LOCATIONS (ANY ORDER)\n     · Package <EM4>#~mission(Item1|SerialNumber)</EM4> to the <EM4>~mission(Dropoff1|Address)</EM4>\n     · Package <EM4>#~mission(Item2|SerialNumber)</EM4> to the <EM4>~mission(Dropoff2|Address)</EM4>\n     · Package <EM4>#~mission(Item3|SerialNumber)</EM4> to the <EM4>~mission(Dropoff3|Address)</EM4>\n     · Package <EM4>#~mission(Item4|SerialNumber)</EM4> to the <EM4>~mission(Dropoff4|Address)</EM4>\n     · Package <EM4>#~mission(Item5|SerialNumber)</EM4> to the <EM4>~mission(Dropoff5|Address)</EM4> \n     · Package <EM4>#~mission(Item6|SerialNumber)</EM4> to the <EM4>~mission(Dropoff5|Address)</EM4>\n     · Package <EM4>#~mission(Item7|SerialNumber)</EM4> to the <EM4>~mission(Dropoff6|Address)</EM4>\n     · Package <EM4>#~mission(Item8|SerialNumber)</EM4> to the <EM4>~mission(Dropoff6|Address)</EM4>\n     · Package <EM4>#~mission(Item9|SerialNumber)</EM4> to the <EM4>~mission(Dropoff7|Address)</EM4>\n     · Package <EM4>#~mission(Item10|SerialNumber)</EM4> to the <EM4>~mission(Dropoff7|Address)</EM4>\n\nLooking forward to working with you,\n\nUnified Distribution Management\n -Delivering the Total Package-\n
UDM_internaldelivery_dc_title_001	UDM Package Handler	UDM_internaldelivery_dc_desc_005	Greetings Qualified Package Handler!\n\nWhile they might not be going too far, the following packages at <EM4>~mission(Location|Address)</EM4> still need to be handled with expert care. Are you the expert we’re looking for?\n\nPACKAGES FOR PICK UP (ANY ORDER)\n     · Package <EM4>#~mission(Item1|SerialNumber)</EM4> from the <EM4>~mission(Pickup1)</EM4>\n     · Package <EM4>#~mission(Item2|SerialNumber)</EM4> from the <EM4>~mission(Pickup2)</EM4>\n     · Package <EM4>#~mission(Item3|SerialNumber)</EM4> from the <EM4>~mission(Pickup3)</EM4>\n     · Package <EM4>#~mission(Item4|SerialNumber)</EM4> from the <EM4>~mission(Pickup4)</EM4>\n     · Package <EM4>#~mission(Item5|SerialNumber)</EM4> from the <EM4>~mission(Pickup5)</EM4>\n     · Package <EM4>#~mission(Item6|SerialNumber)</EM4> from the <EM4>~mission(Pickup6)</EM4>\n\nDROP OFF LOCATIONS (ANY ORDER)\n     · Package <EM4>#~mission(Item1|SerialNumber)</EM4> to the <EM4>~mission(Dropoff1)</EM4>\n     · Package <EM4>#~mission(Item2|SerialNumber)</EM4> to the <EM4>~mission(Dropoff2)</EM4>\n     · Package <EM4>#~mission(Item3|SerialNumber)</EM4> to the <EM4>~mission(Dropoff3)</EM4>\n     · Package <EM4>#~mission(Item4|SerialNumber)</EM4> to the <EM4>~mission(Dropoff4)</EM4>\n     · Package <EM4>#~mission(Item5|SerialNumber)</EM4> to the <EM4>~mission(Dropoff5)</EM4> \n     · Package <EM4>#~mission(Item6|SerialNumber)</EM4> to the <EM4>~mission(Dropoff6)</EM4>\n\nAll you need to do is accept the contract and you'll be on your way.\n\nLooking forward to working with you,\n\nUnified Distribution Management\n -Delivering the Total Package-\n\n
UDM_LocalDelivery_title_01	UDM Local Delivery Route 	UDM_LocalDelivery_desc_01	Greetings Qualified Shipping Partner!\n\nLooking for an excuse to hit the skies with your cargo-ready vessel? Earn credits and explore the local area with this following carefully selected itinerary -\n\nPACKAGE FOR PICK UP\n     · Package <EM4>#~mission(Item1|SerialNumber)</EM4> from the <EM4>~mission(Pickup1|Address)</EM4>\n\nDROP OFF LOCATION\n     · Package <EM4>#~mission(Item1|SerialNumber)</EM4> to the <EM4>~mission(Dropoff1|Address)</EM4>\n\nIf being your own supervisor and getting paid to fly your very own ship sounds like the perfect job, this contract is just what you've been looking for. Just be sure to bring your own <EM4>handheld tractor beam</EM4> for maximum efficiency. \n\nLooking forward to working with you,\n\nUnified Distribution Management\n -Delivering the Total Package-
UDM_LocalDelivery_title_intro	UDM Local Delivery Evaluation	UDM_LocalDelivery_desc_intro	Greetings Potential Qualified Shipping Partner!\n\nReady to contribute to our growing and expanding delivery network?  Have a vessel at your disposal that can carry several packages and fly between local planetary bodies and satellites? Unified Distribution Management is looking for a pilot just like you! \n\nWe would love to evaluate your hiring potential with this carefully selected itinerary -\n\nPACKAGE FOR PICK UP\n     · Package <EM4>#~mission(Item1|SerialNumber)</EM4> from the <EM4>~mission(Pickup1|Address)</EM4>\n\nDROP OFF LOCATION\n     · Package <EM4>#~mission(Item1|SerialNumber)</EM4> to the <EM4>~mission(Dropoff1|Address)</EM4>\n\nIf this sounds like something you're interested in, accept this offer right away! Just be sure to bring your own <EM4>handheld tractor beam</EM4> for maximum efficiency. \n\nLooking forward to working with you,\n\nUnified Distribution Management\n -Delivering the Total Package-
UDM_LocalDelivery_title_rehire	UDM Local Delivery Re-evaluation	UDM_LocalDelivery_desc_rehire	Greetings Formerly Qualified Shipping Partner!\n\nReady for another chance to use your cargo-ready vessel to earn credits? Unified Distribution Management has chosen the following carefully selected itinerary as the perfect way to re-evaluate your skills -\n\nPACKAGES FOR PICK UP (ANY ORDER)\n     · Package <EM4>#~mission(Item1|SerialNumber)</EM4> from the <EM4>~mission(Pickup1|Address)</EM4>\n     · Package <EM4>#~mission(Item2|SerialNumber)</EM4> from the <EM4>~mission(Pickup2|Address)</EM4>\n     · Package <EM4>#~mission(Item3|SerialNumber)</EM4> from the <EM4>~mission(Pickup3|Address)</EM4>\n\nDROP OFF LOCATIONS (ANY ORDER)\n     · Package <EM4>#~mission(Item1|SerialNumber)</EM4> to the <EM4>~mission(Dropoff1|Address)</EM4>\n     · Package <EM4>#~mission(Item2|SerialNumber)</EM4> to the <EM4>~mission(Dropoff2|Address)</EM4>\n     · Package <EM4>#~mission(Item3|SerialNumber)</EM4> to the <EM4>~mission(Dropoff3|Address)</EM4>\n \nJust be sure to bring your own <EM4>handheld tractor beam</EM4> for maximum efficiency. \n\nLooking forward to working with you again,\n\nUnified Distribution Management\n -Delivering the Total Package-
UDM_UGF_collect_title_001	UDM Package Pick Up	UDM_UGF_collect_desc_001	Greetings Qualified Shipping Partner!\n\nIf you’re looking for work as a delivery pilot, we have the perfect opportunity for you! \n\nA pick up is waiting at <EM4>~mission(Location|Address)</EM4> to be delivered to <EM4>~mission(Destination|Address)</EM4>. Sounds fun, right?\n\nWarning, there have been multiple security alerts flagged in the area. Be sure to bring along some defensive measures so you can stay safe.\n\nIf this sounds like something you're interested in, accept this offer right away! \n\nLooking forward to working with you,\n\nUnified Distribution Management\n -Delivering the Total Package-\n
UWC_Refueling_easy_title_001	REFUEL REQUEST: ~mission(Ship)		
UWC_Refueling_high_title_001	 CRITICAL REFUEL REQUEST: ~mission(Ship)		
UWC_Refueling_intro_title_001	UWC'S HIRING REFUELERS		
UWC_Refueling_moderate_title_001	URGENT REFUEL REQUEST: ~mission(Ship)		
UWC_Refueling_multiple_med_title_001	URGENT FLEET REFUEL		
vaughn_assassination_FPS_UGF_illegal_title_001	All Things Come To An End	vaughn_assassination_FPS_UGF_illegal_boss_desc_001	I am not sure if you’re acquainted with ~mission(Location|Address), but ~mission(TargetName) is the one who calls the shots there. I need them eliminated.\n\nThat is easier said then done, I'm afraid. They are notoriously reluctant to see to matters personally, preferring their underlings to handle the dirty work. That said, eliminate enough of the underlings and they will have no choice but to deal with you themselves.\n\nEarnestly,\nVaughn\n
vaughn_assassination_FPS_UGF_legal_title_001	They Will Be Missed	vaughn_assassination_FPS_UGF_legal_boss_nocivs_desc_001	A senior security official by the name of ~mission(TargetName) has been marked for termination. While they can be found at ~mission(Location|Address), they will not be easy to get to. I fear that a bit of work will be required to draw them out.  \n\nNormally, I would recommend killing enough of their underlings that they will be forced to face you personally. However, in this instance a more delicate touch is required. While you should feel free to eliminate any and all of the security forces on site, you must ensure the safety of all the civilian workers there.\n\nTiresome for sure, but a requirement none the less. \n\nEarnestly,\nVaughn\n
vaughn_assassination_VE_title_intro	A Chance to Impress	vaughn_assassination_VE_desc_intro	Firstly, allow me to introduce myself. To put it rather dramatically, I deal in lives. \n\nPeople hire me when some soul needs to be extinguished, and I in return employ the perfect person to serve as the extinguishant. This provides security to all parties involved as none know the identity of the other. An ideal situation as far as these things go.\n\nI was recently made aware that you may possess skills that would make you of service to me and decided that it would be worthwhile to pursue the validity of this claim. \n \nIf you have any interest in forging a working relationship, I will need a demonstration of said skills. \n\nSeek out and discreetly kill ~mission(TargetName) over at ~mission(Location|Address).\n\nDo so successfully and you will be rewarded. Not only that, but you will have proven yourself worthy of further consideration.\n\nSincerely,\nVaughn\n
vaughn_assassination_VE_title_rehire	Another Chance to Impress	vaughn_assassination_VE_desc_rehire	It is not often in life that we get another chance to make a first impression, but I am going to provide to you with just that.\n\nTo say I was disappointed in how things last transpired on your last assassination attempt would be a severe understatement. However, here is your chance to prove yourself capable of more. \n\nKill ~mission(TargetName) over at ~mission(Location|Address) and I will consider the slate wiped clean. \n\nSincerely,\nVaughn\n
Vaughn_EliminateBoss_FPS_Rockcracker_Warehouse_name_001	End of a Salamander		
Vaughn_EliminateSpecific_FPS_Rockcracker_title_001	A Well Deserved Break		
Vaughn_EliminateSpecific_FPS_storm_H_title_001	A Challenging Contract		
Vaughn_EliminateSpecific_FPS_storm_H_title_002	Another Challenge to be Removed		
Vaughn_EliminateSpecific_FPS_storm_H_title_003	Killing a Ghost		
Vaughn_EliminateSpecific_FPS_storm_H_title_004	Pyro Contract		
Xenothreat_bounty_headhunter_title_001	Track Down Gang Member	Xenothreat_bounty_headhunter_desc_001	XenoThreat has placed a kill order on ~mission(TargetName). As a Clips level member of the Headhunters gang, ~mission(TargetName|Last) has led operations that have targeted XenoThreat operatives, missions, and infrastructure. For these transgressions, XenoThreat will pay anyone who successfully tracks down and assassinates ~mission(TargetName|Last).  \n\nLOCATION UPDATE: ~mission(TargetName|Last) was seen near ~mission(Location|Address) not too long ago.  If you decide to accept this contract, you should head to the coordinates immediately. ~mission(TargetName|Last) knows we’re looking for ‘em and has been traveling with an escort recently. Don’t be surprised if they’re not alone.\n\nComm. Spec. Engler
Xenothreat_bounty_headhunter_title_002	Track Down Traitor	Xenothreat_bounty_headhunter_desc_002	XenoThreat has placed a kill order on ~mission(TargetName). A known member of the Headhunters gang, ~mission(TargetName|Last) has betrayed Humankind by being a known alien ally who associates with them in both a personal and business capacity. XenoThreat wants these traitorous associations stopped immediately before they bring more alien influence to Pyro. We’ll pay anyone who successfully tracks down and assassinates ~mission(TargetName|Last) for these crimes against Humanity.  \n\nLOCATION UPDATE: ~mission(TargetName|Last) was recently spotted with an escort at ~mission(Location|Address). \n\nComm. Spec. Engler
Xenothreat_bounty_headhunter_title_003	Track Down Spy	Xenothreat_bounty_headhunter_desc_003	XenoThreat has placed a kill order on the head of ~mission(TargetName). As a member of the Headhunters gang, ~mission(TargetName|Last) hacked into XenoThreat systems to steal information on our operations and personnel. The harm done can only be rectified by ensuring ~mission(TargetName|Last) can never do something like this again. That’s why XenoThreat will pay anyone who can track down and assassinate ~mission(TargetName|Last).     \n\nLOCATION UPDATE: Recent scans identified ~mission(TargetName|Last) traveling with other ships near ~mission(Location|Address). \n\nComm. Spec. Engler
XenoThreat_claimsweep_title_easy	Silence Sentries	XenoThreat_claimsweep_desc_easy	Our resistance movement is growing by the day, but that comes with some unwanted attention.  Recent scans discovered orbital sentries at ~mission(location|address) and a ship running a patrol pattern. We believe this is part of an espionage campaign targeting XenoThreat, most likely funded by the UEE. \n\nWe’re looking for an experienced merc willing to destroy the sentries ASAP.  Since they already have eyes and ears on us, sending in someone from outside the org would draw less attention. If you take the gig, you’ll be paid promptly once the sentries are destroyed.\n \nNow, while the patrol ship isn’t the main target, we suspect that if it escapes it might have reinforcements in reserve. Might be smart to deal with it promptly. \n\nIf you decide to help us, XenoThreat will remember you’re someone willing to fight for what’s right.\n\nComm. Spec. Engler
XenoThreat_claimsweep_title_hard	Annihilate Sentries	XenoThreat_claimsweep_desc_hard	Recent scans discovered several orbital sentries and ships at ~mission(location|address). We believe they’re part of an espionage campaign targeting XenoThreat, in response to our recent actions in the Stanton system. Seems XenoThreat must be doing something right, if they’re out here spying like this.\n\nWe’re looking for an experienced and highly-skilled merc willing to eliminate this operation. If you don’t want Pyro to become a surveillance system, then this is your chance to stop it. The sentries probably won’t be too big of an issue, but pay mind to the patrol ships. If they manage to break away, you’ll have a whole lot more trouble breathing down your neck. \n\nYou’ll have our gratitude and a sizable payment once the job is done. \n\nComm. Spec. Engler
XenoThreat_claimsweep_title_intro	Surveillance Termination	XenoThreat_claimsweep_desc_intro	It seems our struggle to free Humanity has got the government lapdogs back on Earth feeling nervous. Recent scans discovered an orbital sentry at ~mission(location|address) that we believe is part of an UEE espionage campaign. Good credits says they’re handing the data direct to the slinks themselves. \n\nOnly one sentry has been detected so far, but who knows how big the operation will grow if it’s not taken off-line. Shouldn’t be too much trouble for a skilled merc. If that sounds like you, payment will be sent promptly once the sentry is destroyed. Plus, XenoThreat will remember that you’re someone willing to fight for what’s right.\n\nComm. Spec. Engler
XenoThreat_claimsweep_title_medium	Eradicate Sentries	XenoThreat_claimsweep_desc_medium	Do you value Humanity’s freedom? If so, I’m offering you a chance to prove it. Recent scans discovered orbital sentries and patrolling ships at ~mission(location|address). We believe they’re part of a UEE espionage campaign targeting XenoThreat. It’s important that we stop their intelligence gathering before we launch our next mission.\n\nWe’re looking for an experienced merc willing to eliminate these forces immediately. The sentries are the priority, but the ships might prove a bigger issue if they’re allowed to escape. You’ll have to evaluate the situation more closely once you’re on site. \n\nWe could take care of it ourselves, but want to send in a contractor so the scum behind it don’t know who hit them. Payment will be sent promptly upon completion. Plus, the satisfaction of knowing you’re helping a good cause.\n\nComm. Spec. Engler
xenothreat_destroy_server_HH_title_01	Total Server Wipe	xenothreat_destroy_server_HH_desc_01	One of our datarunners went MIA while transporting vital operational information. A few hours ago, we determined that they were hit by a Headhunter raiding party and the contents of the ship’s datastores were transferred to their servers at ~mission(location|address). \n\nWhile we have every reason to believe that our encryption will hold, we cannot take the risk that the contents of those files will be exposed. You are being ordered to head there and ensure our data remains private by destroying the Headhunter servers.\n\nI strongly encourage thoroughness. Raze everything and everyone you can to the ground.\n\nComm. Spec. Engler\n
Xenothreat_destroyitems_CFP_vehicle_title_01	Supply Line Sabotage	Xenothreat_destroyitems_CFP_vehicle_desc_01	The armchair “activists” of Citizens for Prosperity continue to try to spread their influence throughout the system. With your assistance, there is an opportunity to sever their operations at the roots.\n\nThe group is using ~mission(location|address) to distribute supplies to independents scattered around the planet. If we destroy the ~mission(ship) located there, their network will fall.\n\nBombardment would send a clear message, but I’ll leave it to you to decide the means of destruction.\n\nComm. Spec. Engler
xenothreat_eliminateall_CFP_outpost_title_01	Kill Order: "Citizens" at ~mission(location)	xenothreat_eliminateall_CFP_outpost_desc_01	The group of instigators that calls itself “Citizens for Prosperity” can no longer be allowed to continue spreading their lies and propaganda without repercussion.\n\nAs a sharp reminder of who really controls Pyro we have issued a kill order to eradicate all “Citizen” presence at ~mission(location|address). Resistance is likely, but we expect you to handle it with little difficulty. Do as directed and you’ll be paid well for your work.\n\nComm. Spec. Engler
xenothreat_eliminatespecific_title_001	Fight for a Free Pyro	xenothreat_eliminatespecific_desc_001	XenoThreat’s efforts to keep outside influences from infecting this system is being tested by a group that dares to call itself Citizens for Prosperity. A prominent group member, ~mission(TargetName), has established operations at ~mission(Location|Address) and is already hard at work spreading their lies and propaganda to anyone that will listen. If we want Pyro to remain independent of UEE and alien influence, then something must be done about this now.  \n\nThat’s why XenoThreat is issuing a kill order for ~mission(TargetName|Last). And knowing how important they are to Citizens for Prosperity’s operations, I wouldn’t be surprised if you had to fight your way through a bunch of their most fanatical followers first before you even get a shot at them. But remember ~mission(TargetName|Last) is your target, and payment hinges solely on you making sure they’re eliminated. \n\nComm. Spec. Engler
xenothreat_eliminatespecific_title_002	Head Hunting	xenothreat_eliminatespecific_desc_002	The Headhunters have assembled a special strike team whose sole purpose is to attack, disrupt, and undermine our operations. As much as I’m loath to admit it, they’ve had a few small successes and are quickly becoming a concern. \n\nXenoThreat knows the best way to kill a snake is by cutting off its head, so we’re issuing a kill order for the strike team’s commander ~mission(TargetName), who according to our intelligence sources, has been hiding at ~mission(Location|Address) for a few days now. \n\nI’d expect strong resistance from the Headhunter forces there. From what we’ve heard, ~mission(TargetName|Last) got this command partially because of the fierce loyalty they inspire in others. Putting your own crew together to tackle this would be a solid operational strategy. \n\nHappy Head Hunting,\n\nComm. Spec. Engler
Xenothreat_theft_outpost_cfp_title_001	Steal Subsidies	Xenothreat_theft_outpost_cfp_desc_001	Leave it to the lying UEE to say they’re not involved with the operations of Citizens for Prosperity simply because they “donate” supplies to a tertiary aid organization who then immediately delivers it right to them. \n\nWe just got word that one of these government aid shipments was dropped off at a Citizens for Prosperity aligned outpost. That’s why we’ll pay you to raid ~mission(Pickup1|Address) and claim the ~mission(item) for the cause. Once you deliver everything to ~mission(Dropoff1|Address) we can redistribute the shipment to help in our fight. Nothing better than using the enemies resources against them. \n\nBut don’t think they’ll just hand the stuff over to you. Even though Citizens for Prosperity are supposedly here to bring peace, you best be prepared to go toe to toe with ‘em. \n\nComm. Spec. Engler
Xenothreat_theft_outpost_headhunters_title_001	Repossess Supplies	Xenothreat_theft_outpost_headhunters_desc_001	As much as XenoThreat has strived to make Pyro a pure haven for Humans, not everyone is aligned with our goals. Chief among them is the Headhunters, who have debased themselves by hiring an alien hauler to deliver supplies to them. We missed the chance to hit that shipment, but still want to send the message that working with aliens in any capacity will not be tolerated in this system. \n\nThat shipment was delivered to ~mission(Pickup1|Address). We want someone to hit the outpost, claim the ~mission(item), and take it to ~mission(Dropoff1|Address) so we can properly dispose of it. \n\nYou up for keeping Pyro free from alien influence?\n\nComm. Spec. Engler
Xenothreat_theft_station_cfp_title_001	Agent of Chaos	Xenothreat_theft_station_cfp_desc_001	Citizens for Prosperity have entrenched themselves at ~mission(Pickup1|Address). To keep them from getting too comfy at that station, we want to show them what life is really like in our system. We’ll pay you to hit the station, grab the ~mission(item), and kill anyone that gets in your way. \n\nPayment hinges on you delivering those supplies to ~mission(Dropoff1|Address). Anyone you kill will just be a perk.     \n\nComm. Spec. Engler
Xenothreat_theft_station_roughready_title_001	Price of Business	Xenothreat_theft_station_roughready_desc_001	Not sure if you’d had the pleasure of dealing with the Rough & Ready, but the gang is laser focused on cornering the fuel market in Pyro. Smart play, but one we can’t let happen without them providing us some concessions. Since they’re currently not interested in negotiating, we’re forced to show them what happens to those who oppose us.\n\nWe’ve identified ~mission(Pickup1|Address) as a prime target for such an attack. We also know they recently received some supplies that should be a fitting price for their obstinance. Once inside the station, do whatever you need to do to confiscate the ~mission(item). We’ll send payment once you’ve delivered them to ~mission(Dropoff1|Address).      \n\nComm. Spec. Engler